Study number,drain2,Clay,Sand,pH,Corg,OM,C_N,prec1,prec2,ETP,ETP2,PPE,PPE2,Tair,N_syn,N_org,Ntot,Org,type2,split2,crop2,till2,Cumul,EF,per_N_app,EF_2
2,0,190,290,7.6,25.9,4.46516,9.592592593,611.7,190.8,584.9,224.7,1.045819798,0.849132176,6.5,0,0,0,0,0,0,1,0,0.1,,,
2,0,190,290,7.6,25.9,4.46516,9.592592593,611.7,190.8,584.9,224.7,1.045819798,0.849132176,6.5,0.1,0,0.1,0,0,0,1,0,0.59,0.4868,,0.4868
2,0,190,290,7.6,25.9,4.46516,9.592592593,611.7,190.8,584.9,224.7,1.045819798,0.849132176,6.5,0.1,0,0.1,0,0,0,1,0,0.79,0.6868,,0.6868
2,0,190,290,7.6,25.9,4.46516,9.592592593,611.7,190.8,584.9,224.7,1.045819798,0.849132176,6.5,0.1,0,0.1,0,0,0,1,0,1.85,1.7468,,1.7468
6,0,111,474,6.2,16.3,2.81,14.42,504,115,606.1,227,0.83154595,0.50660793,5.3,0,0,0,0,0,0,0,1,0.19,,,
6,0,111,474,6.2,16.3,2.81,14.42,504,115,606.1,227,0.83154595,0.50660793,5.3,0.2,0,0.2,0,0,1,0,1,0.482,0.146,0.241,0.146
6,0,111,474,6.2,16.3,2.81,14.42,504,115,606.1,227,0.83154595,0.50660793,5.3,0.2,0,0.2,0,0,0,0,1,0.716,0.263,0.358,0.263
6,0,95,601,6.5,20.9,3.6,12.01,364,116,600,232.5,0.606666667,0.498924731,5.3,0,0,0,0,0,0,0,1,0.632,,,
6,0,95,601,6.5,20.9,3.6,12.01,364,116,600,232.5,0.606666667,0.498924731,5.3,0.2,0,0.2,0,0,1,0,1,1.666,0.517,0.833,0.517
6,0,95,601,6.5,20.9,3.6,12.01,364,116,600,232.5,0.606666667,0.498924731,5.3,0.2,0,0.2,0,0,0,0,1,2.382,0.875,1.191,0.875
8,0,227,335,6.1,18,3.1032,12.86,643.8,211.6,612,211,1.051960784,1.002843602,4,0,0,0,0,0,0,1,1,0.357,,,
8,0,227,335,6.1,18,3.1032,12.86,643.8,211.6,612,211,1.051960784,1.002843602,4,0,0.1376,0.1376,1,0,1,1,1,0.666,0.224563953,0.484011628,0.224563953
8,0,227,335,6.1,18,3.1032,12.86,643.8,211.6,612,211,1.051960784,1.002843602,4,0.14,0,0.14,0,0,1,1,1,1.219,0.615714286,0.870714286,0.615714286
8,0,227,335,6.1,18,3.1032,12.86,643.8,211.6,612,211,1.051960784,1.002843602,4,0,0.1419,0.1419,1,0,1,1,1,1.256,0.63354475,0.885130374,0.63354475
8,0,227,335,6.1,18,3.1032,12.86,643.8,211.6,612,211,1.051960784,1.002843602,4,0,0.1423,0.1423,1,0,1,1,1,1.638,0.900210822,1.151089248,0.900210822
8,0,227,335,6.1,18,3.1032,12.86,643.8,211.6,612,211,1.051960784,1.002843602,4,0,0.1453,0.1453,1,0,1,1,1,1.691,0.918100482,1.163799036,0.918100482
8,0,227,335,6.1,18,3.1032,12.86,643.8,211.6,612,211,1.051960784,1.002843602,4,0,0.1487,0.1487,1,0,1,1,1,1.595,0.832548756,1.072629455,0.832548756
8,0,171,726,6.5,21,3.6204,15,643.8,211.6,612,211,1.051960784,1.002843602,4,0,0,0,0,0,0,1,1,0.072,,,
8,0,171,726,6.5,21,3.6204,15,643.8,211.6,612,211,1.051960784,1.002843602,4,0,0.1376,0.1376,1,0,1,1,1,0.182,0.07994186,0.132267442,0.07994186
8,0,171,726,6.5,21,3.6204,15,643.8,211.6,612,211,1.051960784,1.002843602,4,0.14,0,0.14,0,0,1,1,1,0.342,0.192857143,0.244285714,0.192857143
8,0,171,726,6.5,21,3.6204,15,643.8,211.6,612,211,1.051960784,1.002843602,4,0,0.1419,0.1419,1,0,1,1,1,0.343,0.190979563,0.241719521,0.190979563
8,0,171,726,6.5,21,3.6204,15,643.8,211.6,612,211,1.051960784,1.002843602,4,0,0.1423,0.1423,1,0,1,1,1,0.255,0.128601546,0.179198876,0.128601546
8,0,171,726,6.5,21,3.6204,15,643.8,211.6,612,211,1.051960784,1.002843602,4,0,0.1453,0.1453,1,0,1,1,1,0.266,0.133516862,0.183069511,0.133516862
8,0,171,726,6.5,21,3.6204,15,643.8,211.6,612,211,1.051960784,1.002843602,4,0,0.1487,0.1487,1,0,1,1,1,0.274,0.135843981,0.184263618,0.135843981
8,0,227,335,6.1,18,3.1032,12.86,595.2,233.6,612,211,0.97254902,1.107109005,4,0,0,0,0,0,0,1,1,0.084,,,
8,0,227,335,6.1,18,3.1032,12.86,595.2,233.6,612,211,0.97254902,1.107109005,4,0,0.1393,0.1393,1,0,1,1,1,0.481,0.284996411,0.345297918,0.284996411
8,0,227,335,6.1,18,3.1032,12.86,595.2,233.6,612,211,0.97254902,1.107109005,4,0.14,0,0.14,0,0,1,1,1,0.629,0.389285714,0.449285714,0.389285714
8,0,227,335,6.1,18,3.1032,12.86,595.2,233.6,612,211,0.97254902,1.107109005,4,0,0.14,0.14,1,0,1,1,1,1.135,0.750714286,0.810714286,0.750714286
8,0,227,335,6.1,18,3.1032,12.86,595.2,233.6,612,211,0.97254902,1.107109005,4,0,0.1401,0.1401,1,0,1,1,1,1.486,1.000713776,1.060670949,1.000713776
8,0,227,335,6.1,18,3.1032,12.86,595.2,233.6,612,211,0.97254902,1.107109005,4,0,0.1403,0.1403,1,0,1,1,1,1.319,0.880256593,0.940128297,0.880256593
8,0,227,335,6.1,18,3.1032,12.86,595.2,233.6,612,211,0.97254902,1.107109005,4,0,0.1421,0.1421,1,0,1,1,1,1.056,0.684025334,0.743138635,0.684025334
8,0,171,726,6.5,21,3.6204,15,595.2,233.6,612,211,0.97254902,1.107109005,4,0,0,0,0,0,0,1,1,0.064,,,
8,0,171,726,6.5,21,3.6204,15,595.2,233.6,612,211,0.97254902,1.107109005,4,0,0.1393,0.1393,1,0,1,1,1,0.206,0.101938263,0.147882268,0.101938263
8,0,171,726,6.5,21,3.6204,15,595.2,233.6,612,211,0.97254902,1.107109005,4,0.14,0,0.14,0,0,1,1,1,0.295,0.165,0.210714286,0.165
8,0,171,726,6.5,21,3.6204,15,595.2,233.6,612,211,0.97254902,1.107109005,4,0,0.14,0.14,1,0,1,1,1,0.445,0.272142857,0.317857143,0.272142857
8,0,171,726,6.5,21,3.6204,15,595.2,233.6,612,211,0.97254902,1.107109005,4,0,0.1401,0.1401,1,0,1,1,1,0.523,0.327623126,0.373304782,0.327623126
8,0,171,726,6.5,21,3.6204,15,595.2,233.6,612,211,0.97254902,1.107109005,4,0,0.1403,0.1403,1,0,1,1,1,0.785,0.513898788,0.559515324,0.513898788
8,0,171,726,6.5,21,3.6204,15,595.2,233.6,612,211,0.97254902,1.107109005,4,0,0.1421,0.1421,1,0,1,1,1,0.72,0.461646728,0.506685433,0.461646728
8,0,227,335,6.1,18,3.1032,12.86,629.6,173,612,211,1.02875817,0.819905213,4,0,0,0,0,0,0,1,1,0.101,,,
8,0,227,335,6.1,18,3.1032,12.86,629.6,173,612,211,1.02875817,0.819905213,4,0.14,0,0.14,0,0,1,1,1,1.063,0.687142857,0.759285714,0.687142857
8,0,227,335,6.1,18,3.1032,12.86,629.6,173,612,211,1.02875817,0.819905213,4,0,0.1404,0.1404,1,0,1,1,1,1.132,0.734330484,0.806267806,0.734330484
8,0,227,335,6.1,18,3.1032,12.86,629.6,173,612,211,1.02875817,0.819905213,4,0,0.1434,0.1434,1,0,1,1,1,2.168,1.441422594,1.511854951,1.441422594
8,0,227,335,6.1,18,3.1032,12.86,629.6,173,612,211,1.02875817,0.819905213,4,0,0.1436,0.1436,1,0,1,1,1,0.902,0.557799443,0.628133705,0.557799443
8,0,227,335,6.1,18,3.1032,12.86,629.6,173,612,211,1.02875817,0.819905213,4,0,0.1447,0.1447,1,0,1,1,1,0.53,0.296475466,0.366275052,0.296475466
8,0,227,335,6.1,18,3.1032,12.86,629.6,173,612,211,1.02875817,0.819905213,4,0,0.15,0.15,1,0,1,1,1,1.728,1.084666667,1.152,1.084666667
8,0,171,726,6.5,21,3.6204,15,629.6,173,612,211,1.02875817,0.819905213,4,0,0,0,0,0,0,1,1,0.04,,,
8,0,171,726,6.5,21,3.6204,15,629.6,173,612,211,1.02875817,0.819905213,4,0.14,0,0.14,0,0,1,1,1,0.093,0.037857143,0.066428571,0.037857143
8,0,171,726,6.5,21,3.6204,15,629.6,173,612,211,1.02875817,0.819905213,4,0,0.1404,0.1404,1,0,1,1,1,0.092,0.037037037,0.065527066,0.037037037
8,0,171,726,6.5,21,3.6204,15,629.6,173,612,211,1.02875817,0.819905213,4,0,0.1434,0.1434,1,0,1,1,1,0.241,0.140167364,0.168061367,0.140167364
8,0,171,726,6.5,21,3.6204,15,629.6,173,612,211,1.02875817,0.819905213,4,0,0.1436,0.1436,1,0,1,1,1,0.187,0.102367688,0.130222841,0.102367688
8,0,171,726,6.5,21,3.6204,15,629.6,173,612,211,1.02875817,0.819905213,4,0,0.1447,0.1447,1,0,1,1,1,0.213,0.119557706,0.147201106,0.119557706
8,0,171,726,6.5,21,3.6204,15,629.6,173,612,211,1.02875817,0.819905213,4,0,0.15,0.15,1,0,1,1,1,0.256,0.144,0.170666667,0.144
9,1,648,14,6.5,34.8,5.99952,12.21052632,704.9,252.2,612,211,1.151797386,1.195260664,4,0,0,0,0,0,0,0,1,2.5,,,
9,1,648,14,6.5,34.8,5.99952,12.21052632,704.9,252.2,612,211,1.151797386,1.195260664,4,0.15,0,0.15,0,0,0,0,1,10.7,5.466666667,7.133333333,5.466666667
9,1,648,14,6.5,34.8,5.99952,12.21052632,704.9,252.2,612,211,1.151797386,1.195260664,4,0,0.171,0.171,1,0,0,0,1,8.2,3.333333333,4.795321637,3.333333333
9,1,555,22,6.5,40.8,7.03392,12.83018868,761.2,204,612,211,1.24379085,0.966824645,4,0,0,0,0,0,0,0,1,1.5,,,
9,1,555,22,6.5,40.8,7.03392,12.83018868,761.2,204,612,211,1.24379085,0.966824645,4,0.15,0,0.15,0,0,0,0,1,6,3,4,3
9,1,555,22,6.5,40.8,7.03392,12.83018868,761.2,204,612,211,1.24379085,0.966824645,4,0,0.151,0.151,1,0,0,0,1,4,1.655629139,2.649006623,1.655629139
10,0,163,470,6,29.9,5.15476,14.23809524,599.3,244.1,612,211,0.979248366,1.156872038,4,0,0,0,0,0,0,0,1,3,,,
10,0,163,470,6,29.9,5.15476,14.23809524,599.3,244.1,612,211,0.979248366,1.156872038,4,0.03,0.097,0.127,1,0,1,0,1,5.23,1.755905512,4.118110236,1.755905512
10,0,163,470,6,29.9,5.15476,14.23809524,599.3,244.1,612,211,0.979248366,1.156872038,4,0.13,0,0.13,0,0,1,0,1,4.5,1.153846154,3.461538462,1.153846154
10,0,163,470,6,29.9,5.15476,14.23809524,599.3,244.1,612,211,0.979248366,1.156872038,4,0.03,0.107,0.137,1,0,1,0,1,3.6,0.437956204,2.627737226,0.437956204
10,0,163,470,6,29.9,5.15476,14.23809524,599.3,244.1,612,211,0.979248366,1.156872038,4,0.03,0.107,0.137,1,0,1,0,1,4.25,0.912408759,3.102189781,0.912408759
10,0,163,470,6,29.9,5.15476,14.23809524,599.3,244.1,612,211,0.979248366,1.156872038,4,0.03,0.108,0.138,1,0,1,0,1,3.8,0.579710145,2.753623188,0.579710145
10,0,163,470,6,29.9,5.15476,14.23809524,599.3,244.1,612,211,0.979248366,1.156872038,4,0.03,0.11,0.14,1,0,1,0,1,3.6,0.428571429,2.571428571,0.428571429
10,1,508,93,6.5,46.8,8.06832,13.76470588,599.3,244.1,612,211,0.979248366,1.156872038,4,0,0,0,0,0,0,0,1,4,,,
10,1,508,93,6.5,46.8,8.06832,13.76470588,599.3,244.1,612,211,0.979248366,1.156872038,4,0.03,0.097,0.127,1,0,1,0,1,18.5,11.41732283,14.56692913,11.41732283
10,1,508,93,6.5,46.8,8.06832,13.76470588,599.3,244.1,612,211,0.979248366,1.156872038,4,0.13,0,0.13,0,0,1,0,1,15.25,8.653846154,11.73076923,8.653846154
10,1,508,93,6.5,46.8,8.06832,13.76470588,599.3,244.1,612,211,0.979248366,1.156872038,4,0.03,0.107,0.137,1,0,1,0,1,10,4.379562044,7.299270073,4.379562044
10,1,508,93,6.5,46.8,8.06832,13.76470588,599.3,244.1,612,211,0.979248366,1.156872038,4,0.03,0.107,0.137,1,0,1,0,1,10.63,4.839416058,7.759124088,4.839416058
10,1,508,93,6.5,46.8,8.06832,13.76470588,599.3,244.1,612,211,0.979248366,1.156872038,4,0.03,0.108,0.138,1,0,1,0,1,12.65,6.268115942,9.166666667,6.268115942
10,1,508,93,6.5,46.8,8.06832,13.76470588,599.3,244.1,612,211,0.979248366,1.156872038,4,0.03,0.11,0.14,1,0,1,0,1,10.08,4.342857143,7.2,4.342857143
10,0,163,470,6,29.9,5.15476,14.23809524,762.7,262.6,612,211,1.24624183,1.244549763,4,0,0,0,0,0,0,0,1,0.68,,,
10,0,163,470,6,29.9,5.15476,14.23809524,762.7,262.6,612,211,1.24624183,1.244549763,4,0.13,0,0.13,0,0,1,0,1,0.85,0.130769231,0.653846154,0.130769231
10,0,163,470,6,29.9,5.15476,14.23809524,762.7,262.6,612,211,1.24624183,1.244549763,4,0.03,0.1,0.13,1,0,1,0,1,4.2,2.707692308,3.230769231,2.707692308
10,0,163,470,6,29.9,5.15476,14.23809524,762.7,262.6,612,211,1.24624183,1.244549763,4,0.03,0.103,0.133,1,0,1,0,1,3.3,1.969924812,2.481203008,1.969924812
10,0,163,470,6,29.9,5.15476,14.23809524,762.7,262.6,612,211,1.24624183,1.244549763,4,0.03,0.105,0.135,1,0,1,0,1,3.8,2.311111111,2.814814815,2.311111111
10,0,163,470,6,29.9,5.15476,14.23809524,762.7,262.6,612,211,1.24624183,1.244549763,4,0.03,0.113,0.143,1,0,1,0,1,2.63,1.363636364,1.839160839,1.363636364
10,0,163,470,6,29.9,5.15476,14.23809524,762.7,262.6,612,211,1.24624183,1.244549763,4,0.03,0.124,0.154,1,0,1,0,1,3.53,1.850649351,2.292207792,1.850649351
10,1,508,93,6.5,46.8,8.06832,13.76470588,762.7,262.6,612,211,1.24624183,1.244549763,4,0,0,0,0,0,0,0,1,2.43,,,
10,1,508,93,6.5,46.8,8.06832,13.76470588,762.7,262.6,612,211,1.24624183,1.244549763,4,0.13,0,0.13,0,0,1,0,1,6.08,2.807692308,4.676923077,2.807692308
10,1,508,93,6.5,46.8,8.06832,13.76470588,762.7,262.6,612,211,1.24624183,1.244549763,4,0.03,0.1,0.13,1,0,1,0,1,7.78,4.115384615,5.984615385,4.115384615
10,1,508,93,6.5,46.8,8.06832,13.76470588,762.7,262.6,612,211,1.24624183,1.244549763,4,0.03,0.103,0.133,1,0,1,0,1,6.58,3.120300752,4.947368421,3.120300752
10,1,508,93,6.5,46.8,8.06832,13.76470588,762.7,262.6,612,211,1.24624183,1.244549763,4,0.03,0.105,0.135,1,0,1,0,1,9.38,5.148148148,6.948148148,5.148148148
10,1,508,93,6.5,46.8,8.06832,13.76470588,762.7,262.6,612,211,1.24624183,1.244549763,4,0.03,0.113,0.143,1,0,1,0,1,7.2,3.335664336,5.034965035,3.335664336
10,1,508,93,6.5,46.8,8.06832,13.76470588,762.7,262.6,612,211,1.24624183,1.244549763,4,0.03,0.124,0.154,1,0,1,0,1,6.3,2.512987013,4.090909091,2.512987013
10,0,163,470,6,29.9,5.15476,14.23809524,761.7,217.2,612,211,1.244607843,1.029383886,4,0,0,0,0,0,0,0,1,0.65,,,
10,0,163,470,6,29.9,5.15476,14.23809524,761.7,217.2,612,211,1.244607843,1.029383886,4,0.03,0.087,0.117,1,0,1,0,1,2.73,1.777777778,2.333333333,1.777777778
10,0,163,470,6,29.9,5.15476,14.23809524,761.7,217.2,612,211,1.244607843,1.029383886,4,0.03,0.087,0.117,1,0,1,0,1,6,4.572649573,5.128205128,4.572649573
10,0,163,470,6,29.9,5.15476,14.23809524,761.7,217.2,612,211,1.244607843,1.029383886,4,0.03,0.088,0.118,1,0,1,0,1,3.45,2.372881356,2.923728814,2.372881356
10,0,163,470,6,29.9,5.15476,14.23809524,761.7,217.2,612,211,1.244607843,1.029383886,4,0.03,0.088,0.118,1,0,1,0,1,4.93,3.627118644,4.177966102,3.627118644
10,0,163,470,6,29.9,5.15476,14.23809524,761.7,217.2,612,211,1.244607843,1.029383886,4,0.13,0,0.13,0,0,1,0,1,0.68,0.023076923,0.523076923,0.023076923
10,0,163,470,6,29.9,5.15476,14.23809524,761.7,217.2,612,211,1.244607843,1.029383886,4,0.03,0.101,0.131,1,0,1,0,1,1.2,0.419847328,0.916030534,0.419847328
10,1,508,93,6.5,46.8,8.06832,13.76470588,761.7,217.2,612,211,1.244607843,1.029383886,4,0,0,0,0,0,0,0,1,1.48,,,
10,1,508,93,6.5,46.8,8.06832,13.76470588,761.7,217.2,612,211,1.244607843,1.029383886,4,0.03,0.087,0.117,1,0,1,0,1,4.08,2.222222222,3.487179487,2.222222222
10,1,508,93,6.5,46.8,8.06832,13.76470588,761.7,217.2,612,211,1.244607843,1.029383886,4,0.03,0.087,0.117,1,0,1,0,1,4.38,2.478632479,3.743589744,2.478632479
10,1,508,93,6.5,46.8,8.06832,13.76470588,761.7,217.2,612,211,1.244607843,1.029383886,4,0.03,0.088,0.118,1,0,1,0,1,3.63,1.822033898,3.076271186,1.822033898
10,1,508,93,6.5,46.8,8.06832,13.76470588,761.7,217.2,612,211,1.244607843,1.029383886,4,0.03,0.088,0.118,1,0,1,0,1,5,2.983050847,4.237288136,2.983050847
10,1,508,93,6.5,46.8,8.06832,13.76470588,761.7,217.2,612,211,1.244607843,1.029383886,4,0.13,0,0.13,0,0,1,0,1,13.5,9.246153846,10.38461538,9.246153846
10,1,508,93,6.5,46.8,8.06832,13.76470588,761.7,217.2,612,211,1.244607843,1.029383886,4,0.03,0.101,0.131,1,0,1,0,1,6.18,3.58778626,4.717557252,3.58778626
11,0,60,880,7.6,27.6,4.75824,17.25,358.2,148.2,550.7,237.1,0.650444888,0.62505272,2.2,0.045,0,0.045,0,0,0,0,0,0.0326,,0.072444444,
11,0,210,520,7.8,47.6,8.20624,11.6097561,358.2,148.2,550.7,237.1,0.650444888,0.62505272,2.2,0.062,0,0.062,0,0,0,0,0,1.9235,,3.102419355,
11,0,50,870,7.8,51.2,8.82688,8.258064516,358.2,148.2,550.7,237.1,0.650444888,0.62505272,2.2,0,0,0,0,0,0,1,0,0.003,,,
11,0,320,310,8,59.8,10.30952,11.96,358.2,148.2,550.7,237.1,0.650444888,0.62505272,2.2,0.085,0,0.085,0,0,0,0,0,2.0872,,2.455529412,
11,0,320,260,7.6,78.7,13.56788,12.69354839,358.2,148.2,550.7,237.1,0.650444888,0.62505272,2.2,0,0,0,0,0,0,1,0,0.023,,,
11,0,320,260,7.6,78.7,13.56788,12.69354839,358.2,148.2,550.7,237.1,0.650444888,0.62505272,2.2,0,0,0,0,0,0,1,0,0.023,,,
12,1,370,280,6.8,18.5,3.1894,13,662.4,218,592.2,253.5,1.118541033,0.859960552,8.7,0.182,0,0.182,0,0,1,0,1,4.72,,2.593406593,
12,1,370,280,6.8,18.5,3.1894,13,662.4,218,592.2,253.5,1.118541033,0.859960552,8.7,0.182,0,0.182,0,0,1,0,1,8.99,,4.93956044,
12,1,370,280,6.8,20.1,3.46524,12.6,662.4,218,592.2,253.5,1.118541033,0.859960552,8.7,0.182,0,0.182,0,0,1,0,0,5.06,,2.78021978,
12,1,370,280,6.8,20.1,3.46524,12.6,662.4,218,592.2,253.5,1.118541033,0.859960552,8.7,0.182,0,0.182,0,0,1,0,0,6.06,,3.32967033,
12,1,370,280,6.8,20.2,3.48248,12.4,662.4,218,592.2,253.5,1.118541033,0.859960552,8.7,0.182,0,0.182,0,0,1,0,0,5.48,,3.010989011,
12,1,370,280,6.8,20.2,3.48248,12.4,662.4,218,592.2,253.5,1.118541033,0.859960552,8.7,0.182,0,0.182,0,0,1,0,0,7.55,,4.148351648,
12,1,370,280,7.09,18.5,3.1894,13,529.2,132.6,623.3,275.1,0.84902936,0.482006543,8.7,0.182,0,0.182,0,0,1,0,1,1.29,,0.708791209,
12,1,370,280,7.09,18.5,3.1894,13,529.2,132.6,623.3,275.1,0.84902936,0.482006543,8.7,0.182,0,0.182,0,0,1,0,1,1.49,,0.818681319,
12,1,370,280,7.09,20.1,3.46524,12.6,529.2,132.6,623.3,275.1,0.84902936,0.482006543,8.7,0.182,0,0.182,0,0,1,0,0,1.3,,0.714285714,
12,1,370,280,7.09,20.1,3.46524,12.6,529.2,132.6,623.3,275.1,0.84902936,0.482006543,8.7,0.182,0,0.182,0,0,1,0,0,1.44,,0.791208791,
12,1,370,280,7.09,20.2,3.48248,12.4,529.2,132.6,623.3,275.1,0.84902936,0.482006543,8.7,0.182,0,0.182,0,0,1,0,0,1.57,,0.862637363,
12,1,370,280,7.09,20.2,3.48248,12.4,529.2,132.6,623.3,275.1,0.84902936,0.482006543,8.7,0.182,0,0.182,0,0,1,0,0,1.72,,0.945054945,
12,1,370,280,6.38,18.5,3.1894,13,375.8,83,637,289.9,0.589952904,0.286305623,8.7,0.182,0,0.182,0,0,1,0,1,2.48,,1.362637363,
12,1,370,280,6.38,18.5,3.1894,13,375.8,83,637,289.9,0.589952904,0.286305623,8.7,0.182,0,0.182,0,0,1,0,1,3.95,,2.17032967,
12,1,370,280,6.38,20.1,3.46524,12.6,375.8,83,637,289.9,0.589952904,0.286305623,8.7,0.182,0,0.182,0,0,1,0,0,1.5,,0.824175824,
12,1,370,280,6.38,20.1,3.46524,12.6,375.8,83,637,289.9,0.589952904,0.286305623,8.7,0.182,0,0.182,0,0,1,0,0,1.6,,0.879120879,
12,1,370,280,6.38,20.2,3.48248,12.4,375.8,83,637,289.9,0.589952904,0.286305623,8.7,0.182,0,0.182,0,0,1,0,0,1.75,,0.961538462,
12,1,370,280,6.38,20.2,3.48248,12.4,375.8,83,637,289.9,0.589952904,0.286305623,8.7,0.182,0,0.182,0,0,1,0,0,2,,1.098901099,
14,1,409,266,5.78,21.9,3.77556,10.96,499.4,101.4,590.3,158.3,0.846010503,0.640555907,8.7,0,0,0,0,0,0,0,1,0.36,,,
14,1,409,266,5.78,21.9,3.77556,10.96,499.4,101.4,590.3,158.3,0.846010503,0.640555907,8.7,0,0,0,0,0,0,0,1,0.37,,,
14,1,409,266,5.78,21.9,3.77556,10.96,499.4,101.4,590.3,158.3,0.846010503,0.640555907,8.7,0.083,0,0.083,0,0,1,0,1,0.44,,0.530120482,
14,1,409,266,5.78,21.9,3.77556,10.96,499.4,101.4,590.3,158.3,0.846010503,0.640555907,8.7,0.083,0,0.083,0,0,1,0,1,0.5,,0.602409639,
14,1,409,266,5.78,21.9,3.77556,10.96,499.4,101.4,590.3,263.1,0.846010503,0.385404789,8.7,0,0,0,0,0,0,0,1,0.46,,,
14,1,409,266,5.78,21.9,3.77556,10.96,499.4,101.4,590.3,263.1,0.846010503,0.385404789,8.7,0.17,0,0.17,0,0,1,0,1,0.76,,0.447058824,
14,1,409,266,5.78,21.9,3.77556,10.96,499.4,101.4,590.3,263.1,0.846010503,0.385404789,8.7,0.17,0,0.17,0,0,1,0,1,0.99,,0.582352941,
14,1,409,266,5.78,21.9,3.77556,10.96,499.4,101.4,590.3,263.1,0.846010503,0.385404789,8.7,0.17,0,0.17,0,0,1,0,1,1,,0.588235294,
14,1,409,266,5.78,21.9,3.77556,10.96,535.4,169.2,590.8,175,0.906228842,0.966857143,8.7,0,0,0,0,0,0,0,1,0.78,,,
14,1,409,266,5.78,21.9,3.77556,10.96,535.4,169.2,590.8,175,0.906228842,0.966857143,8.7,0.083,0,0.083,0,0,1,0,1,0.41,,0.493975904,
14,1,409,266,5.78,21.9,3.77556,10.96,535.4,169.2,590.8,175,0.906228842,0.966857143,8.7,0.083,0,0.083,0,0,1,0,1,0.56,,0.674698795,
14,1,409,266,5.78,21.9,3.77556,10.96,535.4,169.2,590.8,255.6,0.906228842,0.661971831,8.7,0,0,0,0,0,0,0,1,0.54,,,
14,1,409,266,5.78,21.9,3.77556,10.96,535.4,169.2,590.8,255.6,0.906228842,0.661971831,8.7,0,0,0,0,0,0,0,1,0.79,,,
14,1,409,266,5.78,21.9,3.77556,10.96,535.4,169.2,590.8,255.6,0.906228842,0.661971831,8.7,0.17,0,0.17,0,0,1,0,1,1.45,,0.852941176,
14,1,409,266,5.78,21.9,3.77556,10.96,535.4,169.2,590.8,255.6,0.906228842,0.661971831,8.7,0.17,0,0.17,0,0,1,0,1,1.52,,0.894117647,
14,1,409,266,5.78,21.9,3.77556,10.96,535.4,169.2,590.8,255.6,0.906228842,0.661971831,8.7,0.17,0,0.17,0,0,1,0,1,4.59,,2.7,
14,1,409,266,5.78,21.9,3.77556,10.96,232.8,84.4,652.9,168,0.356563026,0.502380952,8.7,0,0,0,0,0,0,0,1,1.18,,,
14,1,409,266,5.78,21.9,3.77556,10.96,232.8,84.4,652.9,168,0.356563026,0.502380952,8.7,0,0,0,0,0,0,0,1,1.39,,,
14,1,409,266,5.78,21.9,3.77556,10.96,232.8,84.4,652.9,168,0.356563026,0.502380952,8.7,0.083,0,0.083,0,0,1,0,1,0.68,,0.819277108,
14,1,409,266,5.78,21.9,3.77556,10.96,232.8,84.4,652.9,168,0.356563026,0.502380952,8.7,0.083,0,0.083,0,0,1,0,1,1.1,,1.325301205,
14,1,409,266,5.78,21.9,3.77556,10.96,232.8,84.4,652.9,300.4,0.356563026,0.280958722,8.7,0,0,0,0,0,0,0,1,0.93,,,
14,1,409,266,5.78,21.9,3.77556,10.96,232.8,84.4,652.9,300.4,0.356563026,0.280958722,8.7,0.17,0,0.17,0,0,1,0,1,1.75,,1.029411765,
14,1,409,266,5.78,21.9,3.77556,10.96,232.8,84.4,652.9,300.4,0.356563026,0.280958722,8.7,0.17,0,0.17,0,0,1,0,1,2.26,,1.329411765,
14,1,409,266,5.78,21.9,3.77556,10.96,232.8,84.4,652.9,300.4,0.356563026,0.280958722,8.7,0.17,0,0.17,0,0,1,0,1,2.47,,1.452941176,
15,1,320,470,7.2,19,3.2756,10,69.8,45.6,779,269.6,0.089602054,0.169139466,6.2,0,0,0,0,0,0,0,1,0.19,,,
15,1,320,470,7.2,19,3.2756,10,69.8,45.6,779,269.6,0.089602054,0.169139466,6.2,0,0,0,0,0,0,0,1,0.38,,,
15,1,320,470,7.2,19,3.2756,10,69.8,45.6,779,269.6,0.089602054,0.169139466,6.2,0,0,0,0,0,0,0,1,0.92,,,
15,1,320,470,7.2,19,3.2756,10,69.8,45.6,779,269.6,0.089602054,0.169139466,6.2,0,0,0,0,0,0,1,0,0.48,,,
15,1,320,470,7.2,19,3.2756,10,69.8,45.6,779,269.6,0.089602054,0.169139466,6.2,0,0,0,0,0,0,1,0,0.48,,,
15,1,320,470,7.2,19,3.2756,10,69.8,45.6,779,269.6,0.089602054,0.169139466,6.2,0,0,0,0,0,0,1,0,0.82,,,
15,1,320,470,7.2,19,3.2756,10,69.8,45.6,779,269.6,0.089602054,0.169139466,6.2,0,0,0,0,0,0,1,0,0.82,,,
15,1,320,470,7.2,19,3.2756,10,69.8,45.6,779,269.6,0.089602054,0.169139466,6.2,0.15,0,0.15,0,0,0,0,1,0.85,,0.566666667,
15,1,320,470,7.2,19,3.2756,10,69.8,45.6,779,269.6,0.089602054,0.169139466,6.2,0.15,0,0.15,0,0,0,0,0,0.27,,0.18,
15,1,320,470,7.2,19,3.2756,10,455.5,292.4,584.8,214.6,0.778898769,1.362534949,6.2,0,0,0,0,0,0,0,1,0.13,,,
15,1,320,470,7.2,19,3.2756,10,455.5,292.4,584.8,214.6,0.778898769,1.362534949,6.2,0,0,0,0,0,0,0,1,0.18,,,
15,1,320,470,7.2,19,3.2756,10,455.5,292.4,584.8,214.6,0.778898769,1.362534949,6.2,0,0,0,0,0,0,0,1,1.77,,,
15,1,320,470,7.2,19,3.2756,10,455.5,292.4,584.8,214.6,0.778898769,1.362534949,6.2,0.15,0,0.15,0,0,0,0,1,0.51,,0.34,
15,1,320,470,7.2,19,3.2756,10,455.5,292.4,584.8,214.6,0.778898769,1.362534949,6.2,0.15,0,0.15,0,0,0,0,1,2.67,,1.78,
15,1,320,470,7.2,19,3.2756,10,153.8,53.3,736.1,226.7,0.208939003,0.235112483,6.2,0,0,0,0,0,0,0,1,0.16,,,
15,1,320,470,7.2,19,3.2756,10,153.8,53.3,736.1,226.7,0.208939003,0.235112483,6.2,0,0,0,0,0,0,0,1,0.18,,,
15,1,320,470,7.2,19,3.2756,10,153.8,53.3,736.1,226.7,0.208939003,0.235112483,6.2,0,0,0,0,0,0,0,1,0.19,,,
15,1,320,470,7.2,19,3.2756,10,153.8,53.3,736.1,226.7,0.208939003,0.235112483,6.2,0,0,0,0,0,0,0,1,0.7,,,
15,1,320,470,7.2,19,3.2756,10,153.8,53.3,736.1,226.7,0.208939003,0.235112483,6.2,0,0,0,0,0,0,0,1,1,,,
15,1,320,470,7.2,19,3.2756,10,153.8,53.3,736.1,226.7,0.208939003,0.235112483,6.2,0.15,0,0.15,0,0,0,0,1,1.41,,0.94,
15,1,320,470,7.2,19,3.2756,10,153.8,53.3,736.1,226.7,0.208939003,0.235112483,6.2,0.15,0,0.15,0,0,0,0,1,1.6,,1.066666667,
15,1,320,470,7.2,19,3.2756,10,153.8,53.3,736.1,226.7,0.208939003,0.235112483,6.2,0.15,0,0.15,0,0,0,0,1,1.71,,1.14,
15,1,320,470,7.2,19,3.2756,10,153.8,53.3,736.1,226.7,0.208939003,0.235112483,6.2,0.15,0,0.15,0,0,0,0,1,2.2,,1.466666667,
17,1,539,72,6.1,46,7.9304,13.14285714,676,230,612,211,1.104575163,1.090047393,4,0.02,0,0.02,0,0,0,0,1,19.71,,98.55,
17,1,539,72,6.1,46,7.9304,13.14285714,676,230,612,211,1.104575163,1.090047393,4,0.12,0,0.12,0,0,1,0,1,18.16,-1.55,15.13333333,
17,1,539,72,6.1,46,7.9304,13.14285714,676,230,612,211,1.104575163,1.090047393,4,0.12,0,0.12,0,0,1,0,1,25.32,5.61,21.1,5.61
17,1,539,72,6.1,46,7.9304,13.14285714,676,230,612,211,1.104575163,1.090047393,4,0.12,0,0.12,0,0,1,0,1,25.83827435,6.128274355,21.5318953,6.128274355
17,1,539,72,6.1,46,7.9304,13.14285714,676,230,612,211,1.104575163,1.090047393,4,0.17,0,0.17,0,0,1,0,1,25.79601326,4.057342171,15.17412544,4.057342171
17,1,539,72,6.1,46,7.9304,13.14285714,676,230,612,211,1.104575163,1.090047393,4,0.17,0,0.17,0,0,1,0,1,26.22732766,4.344885104,15.4278398,4.344885104
17,1,539,72,6.1,46,7.9304,13.14285714,676,230,612,211,1.104575163,1.090047393,4,0.17,0,0.17,0,0,1,0,1,27.05141719,4.894278127,15.91259835,4.894278127
17,1,539,72,6.1,46,7.9304,13.14285714,676,230,612,211,1.104575163,1.090047393,4,0.22,0,0.22,0,0,1,0,1,23.57675908,1.933379539,10.71670867,1.933379539
17,1,539,72,6.1,46,7.9304,13.14285714,676,230,612,211,1.104575163,1.090047393,4,0.22,0,0.22,0,0,1,0,1,26.07723099,3.183615495,11.85328681,3.183615495
17,1,539,72,6.1,46,7.9304,13.14285714,676,230,612,211,1.104575163,1.090047393,4,0.22,0,0.22,0,0,1,0,1,30.57032102,5.430160508,13.89560046,5.430160508
17,1,539,72,6.1,46,7.9304,13.14285714,718,229,612,211,1.173202614,1.085308057,4,0.02,0,0.02,0,0,0,0,0,9.342251251,,46.71125626,
17,1,539,72,6.1,46,7.9304,13.14285714,718,229,612,211,1.173202614,1.085308057,4,0.12,0,0.12,0,0,1,0,0,14.81843898,5.476187725,12.34869915,5.476187725
17,1,539,72,6.1,46,7.9304,13.14285714,718,229,612,211,1.173202614,1.085308057,4,0.12,0,0.12,0,0,1,0,0,16.7566732,7.414421954,13.96389434,7.414421954
17,1,539,72,6.1,46,7.9304,13.14285714,718,229,612,211,1.173202614,1.085308057,4,0.12,0,0.12,0,0,1,0,0,18.81713629,9.474885042,15.68094691,9.474885042
17,1,539,72,6.1,46,7.9304,13.14285714,718,229,612,211,1.173202614,1.085308057,4,0.17,0,0.17,0,0,1,0,0,13.98776762,3.097010913,8.2280986,3.097010913
17,1,539,72,6.1,46,7.9304,13.14285714,718,229,612,211,1.173202614,1.085308057,4,0.17,0,0.17,0,0,1,0,0,14.19079222,3.232360649,8.347524838,3.232360649
17,1,539,72,6.1,46,7.9304,13.14285714,718,229,612,211,1.173202614,1.085308057,4,0.17,0,0.17,0,0,1,0,0,17.11835183,5.184067052,10.06961872,5.184067052
17,1,539,72,6.1,46,7.9304,13.14285714,718,229,612,211,1.173202614,1.085308057,4,0.22,0,0.22,0,0,1,0,0,16.40875492,3.533251833,7.458524962,3.533251833
17,1,539,72,6.1,46,7.9304,13.14285714,718,229,612,211,1.173202614,1.085308057,4,0.22,0,0.22,0,0,1,0,0,18.0598147,4.358781727,8.209006684,4.358781727
17,1,539,72,6.1,46,7.9304,13.14285714,718,229,612,211,1.173202614,1.085308057,4,0.22,0,0.22,0,0,1,0,0,19.86756302,5.262655885,9.030710464,5.262655885
17,1,539,72,6.1,46,7.9304,13.14285714,702,192,612,211,1.147058824,0.909952607,4,0.02,0,0.02,0,0,0,0,0,9.149184505,,45.74592252,
17,1,539,72,6.1,46,7.9304,13.14285714,702,192,612,211,1.147058824,0.909952607,4,0.12,0,0.12,0,0,1,0,0,9.74745137,0.598266866,8.122876142,0.598266866
17,1,539,72,6.1,46,7.9304,13.14285714,702,192,612,211,1.147058824,0.909952607,4,0.12,0,0.12,0,0,1,0,0,11.16469536,2.015510852,9.303912798,2.015510852
17,1,539,72,6.1,46,7.9304,13.14285714,702,192,612,211,1.147058824,0.909952607,4,0.12,0,0.12,0,0,1,0,0,14.20328698,5.054102474,11.83607248,5.054102474
17,1,539,72,6.1,46,7.9304,13.14285714,702,192,612,211,1.147058824,0.909952607,4,0.17,0,0.17,0,0,1,0,0,10.71491622,1.043821144,6.302891895,1.043821144
17,1,539,72,6.1,46,7.9304,13.14285714,702,192,612,211,1.147058824,0.909952607,4,0.17,0,0.17,0,0,1,0,0,11.43930347,1.526745979,6.729002043,1.526745979
17,1,539,72,6.1,46,7.9304,13.14285714,702,192,612,211,1.147058824,0.909952607,4,0.17,0,0.17,0,0,1,0,0,15.05795332,3.939179213,8.857619602,3.939179213
17,1,539,72,6.1,46,7.9304,13.14285714,702,192,612,211,1.147058824,0.909952607,4,0.22,0,0.22,0,0,1,0,0,12.7216139,1.786214696,5.782551772,1.786214696
17,1,539,72,6.1,46,7.9304,13.14285714,702,192,612,211,1.147058824,0.909952607,4,0.22,0,0.22,0,0,1,0,0,14.76368794,2.807251719,6.710767247,2.807251719
17,1,539,72,6.1,46,7.9304,13.14285714,702,192,612,211,1.147058824,0.909952607,4,0.22,0,0.22,0,0,1,0,0,16.49895763,3.674886562,7.499526195,3.674886562
18,1,273,376,6.4,14.85,2.56014,,507,114.6,601.9,246.8,0.842332613,0.464343598,6.2,0.099,0,0.099,0,0,0,0,1,1.2,,1.212121212,
18,1,273,376,6.4,14.85,2.56014,,507,114.6,601.9,246.8,0.842332613,0.464343598,6.2,0.155,0,0.155,0,0,0,0,1,2.18,,1.406451613,
19,0,400,200,7,17.6,3.03424,,551.4,148,575.9,262.5,0.957457892,0.563809524,6.3,0,0,0,0,0,0,0,0,0.079,,,
19,0,400,200,7,17.6,3.03424,,551.4,148,575.9,262.5,0.957457892,0.563809524,6.3,0.119,0,0.119,0,0,1,0,0,0.282,,0.23697479,
19,0,400,200,7,24.4,4.20656,,551.4,148,575.9,262.5,0.957457892,0.563809524,6.3,0,0,0,0,0,0,0,1,0.506,,,
19,0,400,200,7,24.4,4.20656,,551.4,148,575.9,262.5,0.957457892,0.563809524,6.3,0.119,0,0.119,0,0,1,0,1,0.412,,0.346218487,
19,0,400,200,7,17.6,3.03424,,470,116.6,565.5,254.3,0.8311229,0.458513567,6.3,0,0,0,0,0,0,0,0,0.649,,,
19,0,400,200,7,17.6,3.03424,,470,116.6,565.5,254.3,0.8311229,0.458513567,6.3,0.119,0,0.119,0,0,1,0,0,3.012,,2.531092437,
19,0,400,200,7,24.4,4.20656,,470,116.6,565.5,254.3,0.8311229,0.458513567,6.3,0,0,0,0,0,0,0,1,0.932,,,
19,0,400,200,7,24.4,4.20656,,470,116.6,565.5,254.3,0.8311229,0.458513567,6.3,0.119,0,0.119,0,0,1,0,1,1.303,,1.094957983,
19,0,400,200,7,17.6,3.03424,,451.9,179.8,610.6,282.5,0.740091713,0.636460177,6.3,0,0,0,0,0,0,0,0,1.064,,,
19,0,400,200,7,17.6,3.03424,,451.9,179.8,610.6,282.5,0.740091713,0.636460177,6.3,0.119,0,0.119,0,0,1,0,0,0.921,,0.77394958,
19,0,400,200,7,24.4,4.20656,,451.9,179.8,610.6,282.5,0.740091713,0.636460177,6.3,0,0,0,0,0,0,0,1,2.194,,,
19,0,400,200,7,24.4,4.20656,,451.9,179.8,610.6,282.5,0.740091713,0.636460177,6.3,0.119,0,0.119,0,0,1,0,1,2.686,,2.257142857,
21,0,190,570,,13.34106729,2.3,,219.2,155.6,682.8,3,0.321031049,51.86666667,4.7,0,0,0,0,0,0,0,0,0.4,,,
21,0,190,570,,13.34106729,2.3,,219.2,63.5,682.8,3,0.321031049,21.16666667,4.7,0.1,0,0.1,0,0,0,0,1,0.44,0.38,0.44,0.38
21,0,190,570,,13.34106729,2.3,,219.2,63.5,682.8,3,0.321031049,21.16666667,4.7,0.1,0,0.1,0,0,0,0,1,0.48,0.08,0.48,0.08
21,0,190,570,,13.34106729,2.3,,219.2,155.6,682.8,234.6,0.321031049,0.663256607,4.7,0.1,0,0.1,0,0,0,0,0,0.16,-0.24,0.16,-0.24
21,0,190,570,,13.34106729,2.3,,219.2,155.6,682.8,234.6,0.321031049,0.663256607,4.7,0.1,0,0.1,0,0,0,0,0,0.85,0.79,0.85,0.79
21,0,190,570,,13.34106729,2.3,,219.2,63.5,682.8,234.6,0.321031049,0.270673487,4.7,0,0,0,0,0,0,0,0,0.06,,,
22,1,260,490,6.2,27,4.6548,,359,164.4,454.8,174.4,0.78935796,0.94266055,2.8,0.06,0,0.06,0,0,0,0,0,0.454,,,
22,1,250,510,6.6,32,5.5168,,359,164.4,454.8,174.4,0.78935796,0.94266055,2.8,0.06,0,0.06,0,0,0,0,0,2.61,,4.35,
22,1,250,510,6.6,32,5.5168,,359,164.4,454.8,174.4,0.78935796,0.94266055,2.8,0.06,0,0.06,0,0,0,0,1,1.916,,3.193333333,
22,1,290,430,5.9,41,7.0684,,359,164.4,454.8,174.4,0.78935796,0.94266055,2.8,0.06,0,0.06,0,0,0,0,0,2.337,,,
22,0,180,620,7.8,12,2.0688,,256.1,145.8,545.6,189.4,0.469391496,0.769799366,3.7,0,0,0,0,0,0,0,1,0.063,,,
22,0,180,620,7.8,12,2.0688,,256.1,145.8,545.6,189.4,0.469391496,0.769799366,3.7,0.045,0,0.045,0,0,0,0,1,0.439,0.835555556,0.975555556,0.835555556
22,0,180,620,7.8,12,2.0688,,256.1,145.8,545.6,189.4,0.469391496,0.769799366,3.7,0.11,0,0.11,0,0,0,0,1,0.998,0.85,0.907272727,0.85
22,0,200,460,7.8,17,2.9308,,256.1,145.8,545.6,189.4,0.469391496,0.769799366,3.7,0,0,0,0,0,0,0,1,0.125,,,
22,0,200,460,7.8,17,2.9308,,256.1,145.8,545.6,189.4,0.469391496,0.769799366,3.7,0.045,0,0.045,0,0,0,0,1,0.69,1.255555556,1.533333333,1.255555556
22,0,200,460,7.8,17,2.9308,,256.1,145.8,545.6,189.4,0.469391496,0.769799366,3.7,0.11,0,0.11,0,0,0,0,1,1.424,1.180909091,1.294545455,1.180909091
22,0,260,330,7.8,22,3.7928,,256.1,145.8,545.6,189.4,0.469391496,0.769799366,3.7,0,0,0,0,0,0,0,1,0.277,,,
22,0,260,330,7.8,22,3.7928,,256.1,145.8,545.6,189.4,0.469391496,0.769799366,3.7,0.045,0,0.045,0,0,0,0,1,0.948,1.491111111,2.106666667,1.491111111
22,0,260,330,7.8,22,3.7928,,256.1,145.8,545.6,189.4,0.469391496,0.769799366,3.7,0.11,0,0.11,0,0,0,0,1,2.439,1.965454545,2.217272727,1.965454545
28,1,696,221,8,26,4.4824,8.82,330.6,179.4,613,216.5,0.539314845,0.828637413,2.6,0,0,0,0,0,0,0,0,0.052,,,
28,1,696,221,8,26,4.4824,8.82,330.6,179.4,613,216.5,0.539314845,0.828637413,2.6,0.04,0,0.04,0,0,0,0,0,0.09,0.095,0.225,0.095
28,1,696,221,8,26,4.4824,8.82,330.6,179.4,613,216.5,0.539314845,0.828637413,2.6,0.08,0,0.08,0,0,0,0,0,0.114,0.0775,0.1425,0.0775
28,1,696,221,8,26,4.4824,8.82,330.6,179.4,613,216.5,0.539314845,0.828637413,2.6,0.08,0,0.08,0,0,0,0,0,0.129,0.09625,0.16125,0.09625
28,1,696,221,8,26,4.4824,8.82,330.6,179.4,613,216.5,0.539314845,0.828637413,2.6,0.08,0,0.08,0,0,0,0,0,0.14,0.11,0.175,0.11
28,1,696,221,8,26,4.4824,8.82,330.6,179.4,613,216.5,0.539314845,0.828637413,2.6,0.08,0,0.08,0,0,0,0,0,0.159,0.13375,0.19875,0.13375
28,1,696,221,8,26,4.4824,8.82,330.6,179.4,613,216.5,0.539314845,0.828637413,2.6,0.08,0,0.08,0,0,0,0,0,0.187,0.16875,0.23375,0.16875
28,1,696,221,8,26,4.4824,8.82,330.6,179.4,613,216.5,0.539314845,0.828637413,2.6,0.08,0,0.08,0,0,0,0,0,0.2,0.185,0.25,0.185
28,1,696,221,8,26,4.4824,8.82,330.6,179.4,613,216.5,0.539314845,0.828637413,2.6,0.08,0,0.08,0,0,0,0,0,0.218,0.2075,0.2725,0.2075
28,1,696,221,8,26,4.4824,8.82,330.6,179.4,613,216.5,0.539314845,0.828637413,2.6,0.12,0,0.12,0,0,0,0,0,0.095,0.035833333,0.079166667,0.035833333
28,1,696,221,8,26,4.4824,8.82,133.2,49.1,688.8,245.7,0.193379791,0.1998372,2.6,0,0,0,0,0,0,0,0,0.004,,,
28,1,696,221,8,26,4.4824,8.82,133.2,49.1,688.8,245.7,0.193379791,0.1998372,2.6,0.04,0,0.04,0,0,0,0,0,0.014,0.025,0.035,0.025
28,1,696,221,8,26,4.4824,8.82,133.2,49.1,688.8,245.7,0.193379791,0.1998372,2.6,0.08,0,0.08,0,0,0,0,0,0.027,0.02875,0.03375,0.02875
28,1,696,221,8,26,4.4824,8.82,133.2,49.1,688.8,245.7,0.193379791,0.1998372,2.6,0.08,0,0.08,0,0,0,0,0,0.043,0.04875,0.05375,0.04875
28,1,696,221,8,26,4.4824,8.82,133.2,49.1,688.8,245.7,0.193379791,0.1998372,2.6,0.08,0,0.08,0,0,0,0,0,0.046,0.0525,0.0575,0.0525
28,1,696,221,8,26,4.4824,8.82,133.2,49.1,688.8,245.7,0.193379791,0.1998372,2.6,0.08,0,0.08,0,0,0,0,0,0.047,0.05375,0.05875,0.05375
28,1,696,221,8,26,4.4824,8.82,133.2,49.1,688.8,245.7,0.193379791,0.1998372,2.6,0.08,0,0.08,0,0,0,0,0,0.059,0.06875,0.07375,0.06875
28,1,696,221,8,26,4.4824,8.82,133.2,49.1,688.8,245.7,0.193379791,0.1998372,2.6,0.08,0,0.08,0,0,0,0,0,0.064,0.075,0.08,0.075
28,1,696,221,8,26,4.4824,8.82,133.2,49.1,688.8,245.7,0.193379791,0.1998372,2.6,0.08,0,0.08,0,0,0,0,0,0.14,0.17,0.175,0.17
28,1,696,221,8,26,4.4824,8.82,133.2,49.1,688.8,245.7,0.193379791,0.1998372,2.6,0.12,0,0.12,0,0,0,0,0,0.034,0.025,0.028333333,0.025
28,1,696,221,8,26,4.4824,8.82,318.9,133,607,232.9,0.525370675,0.571060541,2.6,0,0,0,0,0,0,0,0,0.057,,,
28,1,696,221,8,26,4.4824,8.82,318.9,133,607,232.9,0.525370675,0.571060541,2.6,0.04,0,0.04,0,0,0,0,0,0.68,1.5575,1.7,1.5575
28,1,696,221,8,26,4.4824,8.82,318.9,133,607,232.9,0.525370675,0.571060541,2.6,0.08,0,0.08,0,0,0,0,0,0.09,0.04125,0.1125,0.04125
28,1,696,221,8,26,4.4824,8.82,318.9,133,607,232.9,0.525370675,0.571060541,2.6,0.08,0,0.08,0,0,0,0,0,0.101,0.055,0.12625,0.055
28,1,696,221,8,26,4.4824,8.82,318.9,133,607,232.9,0.525370675,0.571060541,2.6,0.08,0,0.08,0,0,0,0,0,0.11,0.06625,0.1375,0.06625
28,1,696,221,8,26,4.4824,8.82,318.9,133,607,232.9,0.525370675,0.571060541,2.6,0.08,0,0.08,0,0,0,0,0,0.121,0.08,0.15125,0.08
28,1,696,221,8,26,4.4824,8.82,318.9,133,607,232.9,0.525370675,0.571060541,2.6,0.08,0,0.08,0,0,0,0,0,0.154,0.12125,0.1925,0.12125
28,1,696,221,8,26,4.4824,8.82,318.9,133,607,232.9,0.525370675,0.571060541,2.6,0.08,0,0.08,0,0,0,0,0,0.71,0.81625,0.8875,0.81625
28,1,696,221,8,26,4.4824,8.82,318.9,133,607,232.9,0.525370675,0.571060541,2.6,0.08,0,0.08,0,0,0,0,0,0.99,1.16625,1.2375,1.16625
28,1,696,221,8,26,4.4824,8.82,318.9,133,607,232.9,0.525370675,0.571060541,2.6,0.12,0,0.12,0,0,0,0,0,0.172,0.095833333,0.143333333,0.095833333
28,1,526,144,7.2,13,2.2412,10.84,311,116.2,512.7,200.7,0.606592549,0.578973592,1,0,0,0,0,0,0,0,0,0.631,,,
28,1,526,144,7.2,13,2.2412,10.84,311,116.2,512.7,200.7,0.606592549,0.578973592,1,0.04,0,0.04,0,0,0,0,0,0.46,-0.4275,1.15,-0.4275
28,1,526,144,7.2,13,2.2412,10.84,311,116.2,512.7,200.7,0.606592549,0.578973592,1,0.08,0,0.08,0,0,0,0,0,0.162,-0.58625,0.2025,-0.58625
28,1,526,144,7.2,13,2.2412,10.84,311,116.2,512.7,200.7,0.606592549,0.578973592,1,0.08,0,0.08,0,0,0,0,0,0.242,-0.48625,0.3025,-0.48625
28,1,526,144,7.2,13,2.2412,10.84,311,116.2,512.7,200.7,0.606592549,0.578973592,1,0.08,0,0.08,0,0,0,0,0,0.414,-0.27125,0.5175,-0.27125
28,1,526,144,7.2,13,2.2412,10.84,311,116.2,512.7,200.7,0.606592549,0.578973592,1,0.08,0,0.08,0,0,0,0,0,0.472,-0.19875,0.59,-0.19875
28,1,526,144,7.2,13,2.2412,10.84,311,116.2,512.7,200.7,0.606592549,0.578973592,1,0.08,0,0.08,0,0,0,0,0,0.501,-0.1625,0.62625,-0.1625
28,1,526,144,7.2,13,2.2412,10.84,311,116.2,512.7,200.7,0.606592549,0.578973592,1,0.08,0,0.08,0,0,0,0,0,0.672,0.05125,0.84,0.05125
28,1,526,144,7.2,13,2.2412,10.84,311,116.2,512.7,200.7,0.606592549,0.578973592,1,0.08,0,0.08,0,0,0,0,0,0.758,0.15875,0.9475,0.15875
28,1,526,144,7.2,13,2.2412,10.84,311,116.2,512.7,200.7,0.606592549,0.578973592,1,0.12,0,0.12,0,0,0,0,0,0.424,-0.1725,0.353333333,-0.1725
28,1,526,144,7.2,13,2.2412,10.84,113.3,32.4,625.5,236.3,0.181135092,0.137113838,1,0,0,0,0,0,0,0,0,0.631,,,
28,1,526,144,7.2,13,2.2412,10.84,113.3,32.4,625.5,236.3,0.181135092,0.137113838,1,0.04,0,0.04,0,0,0,0,0,0.212,-1.0475,0.53,-1.0475
28,1,526,144,7.2,13,2.2412,10.84,113.3,32.4,625.5,236.3,0.181135092,0.137113838,1,0.08,0,0.08,0,0,0,0,0,0.162,-0.58625,0.2025,-0.58625
28,1,526,144,7.2,13,2.2412,10.84,113.3,32.4,625.5,236.3,0.181135092,0.137113838,1,0.08,0,0.08,0,0,0,0,0,0.316,-0.39375,0.395,-0.39375
28,1,526,144,7.2,13,2.2412,10.84,113.3,32.4,625.5,236.3,0.181135092,0.137113838,1,0.08,0,0.08,0,0,0,0,0,0.34,-0.36375,0.425,-0.36375
28,1,526,144,7.2,13,2.2412,10.84,113.3,32.4,625.5,236.3,0.181135092,0.137113838,1,0.08,0,0.08,0,0,0,0,0,0.414,-0.27125,0.5175,-0.27125
28,1,526,144,7.2,13,2.2412,10.84,113.3,32.4,625.5,236.3,0.181135092,0.137113838,1,0.08,0,0.08,0,0,0,0,0,0.472,-0.19875,0.59,-0.19875
28,1,526,144,7.2,13,2.2412,10.84,113.3,32.4,625.5,236.3,0.181135092,0.137113838,1,0.08,0,0.08,0,0,0,0,0,0.672,0.05125,0.84,0.05125
28,1,526,144,7.2,13,2.2412,10.84,113.3,32.4,625.5,236.3,0.181135092,0.137113838,1,0.08,0,0.08,0,0,0,0,0,0.885,0.3175,1.10625,0.3175
28,1,526,144,7.2,13,2.2412,10.84,113.3,32.4,625.5,236.3,0.181135092,0.137113838,1,0.12,0,0.12,0,0,0,0,0,0.35,-0.234166667,0.291666667,-0.234166667
28,1,526,144,7.2,13,2.2412,10.84,303.8,61,574.7,236,0.52862363,0.258474576,1,0,0,0,0,0,0,0,0,0.246,,,
28,1,526,144,7.2,13,2.2412,10.84,303.8,61,574.7,236,0.52862363,0.258474576,1,0.04,0,0.04,0,0,0,0,0,0.344,0.245,0.86,0.245
28,1,526,144,7.2,13,2.2412,10.84,303.8,61,574.7,236,0.52862363,0.258474576,1,0.08,0,0.08,0,0,0,0,0,0.328,0.1025,0.41,0.1025
28,1,526,144,7.2,13,2.2412,10.84,303.8,61,574.7,236,0.52862363,0.258474576,1,0.08,0,0.08,0,0,0,0,0,0.383,0.17125,0.47875,0.17125
28,1,526,144,7.2,13,2.2412,10.84,303.8,61,574.7,236,0.52862363,0.258474576,1,0.08,0,0.08,0,0,0,0,0,0.427,0.22625,0.53375,0.22625
28,1,526,144,7.2,13,2.2412,10.84,303.8,61,574.7,236,0.52862363,0.258474576,1,0.08,0,0.08,0,0,0,0,0,0.574,0.41,0.7175,0.41
28,1,526,144,7.2,13,2.2412,10.84,303.8,61,574.7,236,0.52862363,0.258474576,1,0.08,0,0.08,0,0,0,0,0,0.631,0.48125,0.78875,0.48125
28,1,526,144,7.2,13,2.2412,10.84,303.8,61,574.7,236,0.52862363,0.258474576,1,0.08,0,0.08,0,0,0,0,0,0.735,0.61125,0.91875,0.61125
28,1,526,144,7.2,13,2.2412,10.84,303.8,61,574.7,236,0.52862363,0.258474576,1,0.08,0,0.08,0,0,0,0,0,0.955,0.88625,1.19375,0.88625
28,1,526,144,7.2,13,2.2412,10.84,303.8,61,574.7,236,0.52862363,0.258474576,1,0.12,0,0.12,0,0,0,0,0,0.552,0.255,0.46,0.255
28,0,254,466,7.1,14,2.4136,12.73,225.4,55.6,587,215.5,0.383986371,0.25800464,1.6,0,0,0,0,0,0,0,0,0.147,,,
28,0,254,466,7.1,14,2.4136,12.73,225.4,55.6,587,215.5,0.383986371,0.25800464,1.6,0.03,0,0.03,0,0,0,0,0,0.109,-0.126666667,0.363333333,-0.126666667
28,0,254,466,7.1,14,2.4136,12.73,225.4,55.6,587,215.5,0.383986371,0.25800464,1.6,0.06,0,0.06,0,0,0,0,0,0.117,-0.05,0.195,-0.05
28,0,254,466,7.1,14,2.4136,12.73,225.4,55.6,587,215.5,0.383986371,0.25800464,1.6,0.06,0,0.06,0,0,0,0,0,0.156,0.015,0.26,0.015
28,0,254,466,7.1,14,2.4136,12.73,225.4,55.6,587,215.5,0.383986371,0.25800464,1.6,0.06,0,0.06,0,0,0,0,0,0.174,0.045,0.29,0.045
28,0,254,466,7.1,14,2.4136,12.73,225.4,55.6,587,215.5,0.383986371,0.25800464,1.6,0.06,0,0.06,0,0,0,0,0,0.188,0.068333333,0.313333333,0.068333333
28,0,254,466,7.1,14,2.4136,12.73,225.4,55.6,587,215.5,0.383986371,0.25800464,1.6,0.06,0,0.06,0,0,0,0,0,0.233,0.143333333,0.388333333,0.143333333
28,0,254,466,7.1,14,2.4136,12.73,225.4,55.6,587,215.5,0.383986371,0.25800464,1.6,0.06,0,0.06,0,0,0,0,0,0.245,0.163333333,0.408333333,0.163333333
28,0,254,466,7.1,14,2.4136,12.73,225.4,55.6,587,215.5,0.383986371,0.25800464,1.6,0.06,0,0.06,0,0,0,0,0,0.289,0.236666667,0.481666667,0.236666667
28,0,254,466,7.1,14,2.4136,12.73,225.4,55.6,587,215.5,0.383986371,0.25800464,1.6,0.09,0,0.09,0,0,0,0,0,0.2,0.058888889,0.222222222,0.058888889
28,0,254,466,7.1,14,2.4136,12.73,152.4,85,683.8,234,0.222872185,0.363247863,1.6,0,0,0,0,0,0,0,0,0.023,,,
28,0,254,466,7.1,14,2.4136,12.73,152.4,85,683.8,234,0.222872185,0.363247863,1.6,0.03,0,0.03,0,0,0,0,0,0.12,0.323333333,0.4,0.323333333
28,0,254,466,7.1,14,2.4136,12.73,152.4,85,683.8,234,0.222872185,0.363247863,1.6,0.06,0,0.06,0,0,0,0,0,0.046,0.038333333,0.076666667,0.038333333
28,0,254,466,7.1,14,2.4136,12.73,152.4,85,683.8,234,0.222872185,0.363247863,1.6,0.06,0,0.06,0,0,0,0,0,0.063,0.066666667,0.105,0.066666667
28,0,254,466,7.1,14,2.4136,12.73,152.4,85,683.8,234,0.222872185,0.363247863,1.6,0.06,0,0.06,0,0,0,0,0,0.076,0.088333333,0.126666667,0.088333333
28,0,254,466,7.1,14,2.4136,12.73,152.4,85,683.8,234,0.222872185,0.363247863,1.6,0.06,0,0.06,0,0,0,0,0,0.076,0.088333333,0.126666667,0.088333333
28,0,254,466,7.1,14,2.4136,12.73,152.4,85,683.8,234,0.222872185,0.363247863,1.6,0.06,0,0.06,0,0,0,0,0,0.097,0.123333333,0.161666667,0.123333333
28,0,254,466,7.1,14,2.4136,12.73,152.4,85,683.8,234,0.222872185,0.363247863,1.6,0.06,0,0.06,0,0,0,0,0,0.127,0.173333333,0.211666667,0.173333333
28,0,254,466,7.1,14,2.4136,12.73,152.4,85,683.8,234,0.222872185,0.363247863,1.6,0.06,0,0.06,0,0,0,0,0,0.188,0.275,0.313333333,0.275
28,0,254,466,7.1,14,2.4136,12.73,152.4,85,683.8,234,0.222872185,0.363247863,1.6,0.09,0,0.09,0,0,0,0,0,0.344,0.356666667,0.382222222,0.356666667
28,0,254,466,7.1,14,2.4136,12.73,210.6,71.1,621.9,254,0.338639653,0.27992126,1.6,0,0,0,0,0,0,0,0,0.09,,,
28,0,254,466,7.1,14,2.4136,12.73,210.6,71.1,621.9,254,0.338639653,0.27992126,1.6,0.03,0,0.03,0,0,0,0,0,0.148,0.193333333,0.493333333,0.193333333
28,0,254,466,7.1,14,2.4136,12.73,210.6,71.1,621.9,254,0.338639653,0.27992126,1.6,0.06,0,0.06,0,0,0,0,0,0.112,0.036666667,0.186666667,0.036666667
28,0,254,466,7.1,14,2.4136,12.73,210.6,71.1,621.9,254,0.338639653,0.27992126,1.6,0.06,0,0.06,0,0,0,0,0,0.136,0.076666667,0.226666667,0.076666667
28,0,254,466,7.1,14,2.4136,12.73,210.6,71.1,621.9,254,0.338639653,0.27992126,1.6,0.06,0,0.06,0,0,0,0,0,0.142,0.086666667,0.236666667,0.086666667
28,0,254,466,7.1,14,2.4136,12.73,210.6,71.1,621.9,254,0.338639653,0.27992126,1.6,0.06,0,0.06,0,0,0,0,0,0.181,0.151666667,0.301666667,0.151666667
28,0,254,466,7.1,14,2.4136,12.73,210.6,71.1,621.9,254,0.338639653,0.27992126,1.6,0.06,0,0.06,0,0,0,0,0,0.346,0.426666667,0.576666667,0.426666667
28,0,254,466,7.1,14,2.4136,12.73,210.6,71.1,621.9,254,0.338639653,0.27992126,1.6,0.06,0,0.06,0,0,0,0,0,0.452,0.603333333,0.753333333,0.603333333
28,0,254,466,7.1,14,2.4136,12.73,210.6,71.1,621.9,254,0.338639653,0.27992126,1.6,0.06,0,0.06,0,0,0,0,0,0.494,0.673333333,0.823333333,0.673333333
28,0,254,466,7.1,14,2.4136,12.73,210.6,71.1,621.9,254,0.338639653,0.27992126,1.6,0.09,0,0.09,0,0,0,0,0,0.602,0.568888889,0.668888889,0.568888889
28,0,246,433,7.8,7,1.2068,10,317.1,111.9,587.6,28.5,0.539652825,3.926315789,5,0.06,0,0.06,0,0,0,0,0,0.246,0.26,0.41,
28,0,246,433,7.8,7,1.2068,10,317.1,111.9,587.6,215.8,0.539652825,0.518535681,5,0,0,0,0,0,0,0,0,0.192,,,
28,0,246,433,7.8,7,1.2068,10,317.1,111.9,587.6,215.8,0.539652825,0.518535681,5,0.03,0,0.03,0,0,0,0,0,0.246,0.18,0.82,0.18
28,0,246,433,7.8,7,1.2068,10,317.1,111.9,587.6,215.8,0.539652825,0.518535681,5,0.06,0,0.06,0,0,0,0,0,0.222,0.05,0.37,0.05
28,0,246,433,7.8,7,1.2068,10,317.1,111.9,587.6,215.8,0.539652825,0.518535681,5,0.06,0,0.06,0,0,0,0,0,0.274,0.136666667,0.456666667,0.136666667
28,0,246,433,7.8,7,1.2068,10,317.1,111.9,587.6,215.8,0.539652825,0.518535681,5,0.06,0,0.06,0,0,0,0,0,0.277,0.141666667,0.461666667,0.141666667
28,0,246,433,7.8,7,1.2068,10,317.1,111.9,587.6,215.8,0.539652825,0.518535681,5,0.06,0,0.06,0,0,0,0,0,0.368,0.293333333,0.613333333,0.293333333
28,0,246,433,7.8,7,1.2068,10,317.1,111.9,587.6,215.8,0.539652825,0.518535681,5,0.06,0,0.06,0,0,0,0,0,0.372,0.3,0.62,0.3
28,0,246,433,7.8,7,1.2068,10,317.1,111.9,587.6,215.8,0.539652825,0.518535681,5,0.06,0,0.06,0,0,0,0,0,0.408,0.36,0.68,0.36
28,0,246,433,7.8,7,1.2068,10,317.1,111.9,587.6,215.8,0.539652825,0.518535681,5,0.09,0,0.09,0,0,0,0,0,0.661,0.521111111,0.734444444,0.521111111
28,0,246,433,7.8,7,1.2068,10,141.4,50.8,663.8,243.4,0.213015969,0.208709942,5,0,0,0,0,0,0,0,0,0.027,,,
28,0,246,433,7.8,7,1.2068,10,141.4,50.8,663.8,243.4,0.213015969,0.208709942,5,0.03,0,0.03,0,0,0,0,0,0.082,0.183333333,0.273333333,0.183333333
28,0,246,433,7.8,7,1.2068,10,141.4,50.8,663.8,243.4,0.213015969,0.208709942,5,0.06,0,0.06,0,0,0,0,0,0.039,0.02,0.065,0.02
28,0,246,433,7.8,7,1.2068,10,141.4,50.8,663.8,243.4,0.213015969,0.208709942,5,0.06,0,0.06,0,0,0,0,0,0.055,0.046666667,0.091666667,0.046666667
28,0,246,433,7.8,7,1.2068,10,141.4,50.8,663.8,243.4,0.213015969,0.208709942,5,0.06,0,0.06,0,0,0,0,0,0.063,0.06,0.105,0.06
28,0,246,433,7.8,7,1.2068,10,141.4,50.8,663.8,243.4,0.213015969,0.208709942,5,0.06,0,0.06,0,0,0,0,0,0.111,0.14,0.185,0.14
28,0,246,433,7.8,7,1.2068,10,141.4,50.8,663.8,243.4,0.213015969,0.208709942,5,0.06,0,0.06,0,0,0,0,0,0.155,0.213333333,0.258333333,0.213333333
28,0,246,433,7.8,7,1.2068,10,141.4,50.8,663.8,243.4,0.213015969,0.208709942,5,0.06,0,0.06,0,0,0,0,0,0.159,0.22,0.265,0.22
28,0,246,433,7.8,7,1.2068,10,141.4,50.8,663.8,243.4,0.213015969,0.208709942,5,0.06,0,0.06,0,0,0,0,0,0.163,0.226666667,0.271666667,0.226666667
28,0,246,433,7.8,7,1.2068,10,141.4,50.8,663.8,243.4,0.213015969,0.208709942,5,0.09,0,0.09,0,0,0,0,0,0.278,0.278888889,0.308888889,0.278888889
28,0,246,433,7.8,7,1.2068,10,388.8,135,530.9,224.7,0.732341307,0.600801068,5,0,0,0,0,0,0,0,0,0.135,,,
28,0,246,433,7.8,7,1.2068,10,388.8,135,530.9,224.7,0.732341307,0.600801068,5,0.03,0,0.03,0,0,0,0,0,0.31,0.583333333,1.033333333,0.583333333
28,0,246,433,7.8,7,1.2068,10,388.8,135,530.9,224.7,0.732341307,0.600801068,5,0.06,0,0.06,0,0,0,0,0,0.207,0.12,0.345,0.12
28,0,246,433,7.8,7,1.2068,10,388.8,135,530.9,224.7,0.732341307,0.600801068,5,0.06,0,0.06,0,0,0,0,0,0.265,0.216666667,0.441666667,0.216666667
28,0,246,433,7.8,7,1.2068,10,388.8,135,530.9,224.7,0.732341307,0.600801068,5,0.06,0,0.06,0,0,0,0,0,0.31,0.291666667,0.516666667,0.291666667
28,0,246,433,7.8,7,1.2068,10,388.8,135,530.9,224.7,0.732341307,0.600801068,5,0.06,0,0.06,0,0,0,0,0,0.332,0.328333333,0.553333333,0.328333333
28,0,246,433,7.8,7,1.2068,10,388.8,135,530.9,224.7,0.732341307,0.600801068,5,0.06,0,0.06,0,0,0,0,0,0.374,0.398333333,0.623333333,0.398333333
28,0,246,433,7.8,7,1.2068,10,388.8,135,530.9,224.7,0.732341307,0.600801068,5,0.06,0,0.06,0,0,0,0,0,0.541,0.676666667,0.901666667,0.676666667
28,0,246,433,7.8,7,1.2068,10,388.8,135,530.9,224.7,0.732341307,0.600801068,5,0.06,0,0.06,0,0,0,0,0,0.596,0.768333333,0.993333333,0.768333333
28,0,246,433,7.8,7,1.2068,10,388.8,135,530.9,224.7,0.732341307,0.600801068,5,0.09,0,0.09,0,0,0,0,0,0.683,0.608888889,0.758888889,0.608888889
29,0,262,274,5.4,20.5,3.5342,,493.8,180.7,558,219.3,0.884946237,0.823985408,6.3,0,0,0,0,0,0,0,1,0.37,,,
29,0,262,274,5.4,20.5,3.5342,,516.9,214.2,571.6,234.1,0.904303709,0.914993592,6.3,0,0,0,0,0,0,0,1,0.86,,,
29,0,262,274,5.4,20.5,3.5342,,516.9,214.2,571.6,234.1,0.904303709,0.914993592,6.3,0.2,0,0.2,0,0,0,0,1,1.57,0.355,,0.355
32,1,568,139,5.3,25,4.31,,466.4,235.2,557.2,228.9,0.837042355,1.027522936,7.4,0,0,0,0,0,0,0,1,1.23,,,
32,1,568,139,5.3,25,4.31,,466.4,235.2,557.2,228.9,0.837042355,1.027522936,7.4,0,0,0,0,0,0,0,1,1.44,,,
32,1,568,139,5.3,25,4.31,,466.4,235.2,557.2,228.9,0.837042355,1.027522936,7.4,0,0,0,0,0,0,0,1,1.51,,,
32,1,568,139,5.3,25,4.31,,466.4,235.2,557.2,228.9,0.837042355,1.027522936,7.4,0,0,0,0,0,0,0,1,1.53,,,
32,1,568,139,5.3,25,4.31,,466.4,235.2,557.2,228.9,0.837042355,1.027522936,7.4,0,0,0,0,0,0,0,1,1.53,,,
32,1,568,139,5.3,25,4.31,,466.4,235.2,557.2,228.9,0.837042355,1.027522936,7.4,0,0,0,0,0,0,0,1,1.82,,,
32,1,568,139,5.3,25,4.31,,466.4,235.2,557.2,228.9,0.837042355,1.027522936,7.4,0,0,0,0,0,0,0,1,1.87,,,
32,1,568,139,5.3,25,4.31,,466.4,235.2,557.2,228.9,0.837042355,1.027522936,7.4,0,0,0,0,0,0,0,1,1.9,,,
32,1,568,139,5.3,25,4.31,,466.4,235.2,557.2,228.9,0.837042355,1.027522936,7.4,0,0,0,0,0,0,0,1,2.16,,,
32,1,568,139,5.3,25,4.31,,466.4,235.2,557.2,228.9,0.837042355,1.027522936,7.4,0,0,0,0,0,0,0,1,2.89,,,
32,1,568,139,5.3,25,4.31,,466.4,235.2,557.2,228.9,0.837042355,1.027522936,7.4,0,0,0,0,0,0,1,0,1.03,,,
32,1,568,139,5.3,25,4.31,,466.4,235.2,557.2,228.9,0.837042355,1.027522936,7.4,0,0,0,0,0,0,1,0,1.18,,,
32,1,568,139,5.3,25,4.31,,466.4,235.2,557.2,228.9,0.837042355,1.027522936,7.4,0,0,0,0,0,0,1,0,1.29,,,
32,1,568,139,5.3,25,4.31,,466.4,235.2,557.2,228.9,0.837042355,1.027522936,7.4,0.02,0,0.02,0,0,0,0,1,2.15,4.6,10.75,4.6
32,1,568,139,5.3,25,4.31,,466.4,235.2,557.2,228.9,0.837042355,1.027522936,7.4,0.04,0,0.04,0,0,0,0,1,1.66,1.075,4.15,1.075
32,1,568,139,5.3,25,4.31,,466.4,235.2,557.2,228.9,0.837042355,1.027522936,7.4,0.09,0,0.09,0,0,0,0,1,2.19,0.322222222,2.433333333,0.322222222
32,1,568,139,5.3,25,4.31,,466.4,235.2,557.2,228.9,0.837042355,1.027522936,7.4,0.09,0,0.09,0,0,0,0,1,2.31,0.866666667,2.566666667,0.866666667
32,1,568,139,5.3,25,4.31,,466.4,235.2,557.2,228.9,0.837042355,1.027522936,7.4,0.09,0,0.09,0,0,0,0,1,2.61,-0.311111111,2.9,-0.311111111
32,1,568,139,5.3,25,4.31,,466.4,235.2,557.2,228.9,0.837042355,1.027522936,7.4,0.18,0,0.18,0,0,0,0,1,2.16,0.144444444,1.2,0.144444444
32,1,568,139,5.3,25,4.31,,466.4,235.2,557.2,228.9,0.837042355,1.027522936,7.4,0.18,0,0.18,0,0,0,0,1,2.31,-0.322222222,1.283333333,-0.322222222
32,1,568,139,5.3,25,4.31,,466.4,235.2,557.2,228.9,0.837042355,1.027522936,7.4,0.18,0,0.18,0,0,0,0,1,3.33,1,1.85,1
32,0,368,189,6.2,19,3.2756,,484.7,235.2,579.4,232.8,0.836555057,1.010309278,7.4,0,0,0,0,0,0,1,1,2.16,,,
32,0,368,189,6.2,19,3.2756,,484.7,235.2,579.4,232.8,0.836555057,1.010309278,7.4,0,0,0,0,0,0,1,0,1.91,,,
32,0,368,189,6.2,19,3.2756,,484.7,235.2,579.4,232.8,0.836555057,1.010309278,7.4,0.02,0,0.02,0,0,0,0,1,1.7,,8.5,
32,0,368,189,6.2,19,3.2756,,484.7,235.2,579.4,232.8,0.836555057,1.010309278,7.4,0.02,0,0.02,0,0,0,0,1,2.12,,10.6,
32,0,368,189,6.2,19,3.2756,,484.7,235.2,579.4,232.8,0.836555057,1.010309278,7.4,0.02,0,0.02,0,0,0,0,1,2.17,,10.85,
32,0,368,189,6.2,19,3.2756,,484.7,235.2,579.4,232.8,0.836555057,1.010309278,7.4,0.02,0,0.02,0,0,0,0,0,1.91,,9.55,
32,0,368,189,6.2,19,3.2756,,484.7,235.2,579.4,232.8,0.836555057,1.010309278,7.4,0.02,0,0.02,0,0,0,0,0,2.31,,11.55,
32,0,368,189,6.2,19,3.2756,,484.7,235.2,579.4,232.8,0.836555057,1.010309278,7.4,0.02,0,0.02,0,0,0,0,0,3.31,,16.55,
32,0,368,189,6.2,19,3.2756,,484.7,235.2,579.4,232.8,0.836555057,1.010309278,7.4,0.09,0,0.09,0,0,0,0,1,2.12,,2.355555556,
32,0,368,189,6.2,19,3.2756,,484.7,235.2,579.4,232.8,0.836555057,1.010309278,7.4,0.09,0,0.09,0,0,0,0,1,2.42,,2.688888889,
32,0,368,189,6.2,19,3.2756,,484.7,235.2,579.4,232.8,0.836555057,1.010309278,7.4,0.09,0,0.09,0,0,0,0,1,2.7,,3,
32,0,368,189,6.2,19,3.2756,,484.7,235.2,579.4,232.8,0.836555057,1.010309278,7.4,0.09,0,0.09,0,0,0,0,0,3.87,,4.3,
32,0,368,189,6.2,19,3.2756,,484.7,235.2,579.4,232.8,0.836555057,1.010309278,7.4,0.09,0,0.09,0,0,0,0,0,5.28,,5.866666667,
32,0,368,189,6.2,19,3.2756,,484.7,235.2,579.4,232.8,0.836555057,1.010309278,7.4,0.09,0,0.09,0,0,0,0,0,5.43,,6.033333333,
33,0,260,410,6.97,38.1,6.56844,,559.8,121.2,619,233.2,0.904361874,0.519725557,6.5,0,0,0,0,0,0,1,0,0.005,,,
33,0,260,410,6.97,38.1,6.56844,,559.8,121.2,619,233.2,0.904361874,0.519725557,6.5,0.05,0,0.05,0,0,0,1,0,0.03,0.05,0.06,0.05
33,0,260,410,6.97,38.1,6.56844,,559.8,121.2,619,233.2,0.904361874,0.519725557,6.5,0.05,0,0.05,0,0,0,1,0,0.035,0.06,0.07,0.06
33,0,260,410,6.97,38.1,6.56844,,559.8,121.2,619,233.2,0.904361874,0.519725557,6.5,0.05,0,0.05,0,0,0,1,0,0.06,0.11,0.12,0.11
33,0,260,410,6.97,38.1,6.56844,,788,261.4,563.8,206.6,1.397658744,1.265246854,6.5,0,0,0,0,0,0,1,0,-0.03,,,
33,0,260,410,6.97,38.1,6.56844,,788,261.4,563.8,206.6,1.397658744,1.265246854,6.5,0.2,0,0.2,0,0,1,1,0,0.1422,0.0861,0.0711,0.0861
33,0,260,410,6.97,38.1,6.56844,,788,261.4,563.8,206.6,1.397658744,1.265246854,6.5,0.2,0,0.2,0,0,1,1,0,0.4424,0.2362,0.2212,0.2362
33,0,260,410,6.97,38.1,6.56844,,788,261.4,563.8,206.6,1.397658744,1.265246854,6.5,0.2,0,0.2,0,0,1,1,0,3.476,1.753,1.738,1.753
33,0,260,410,6.97,38.1,6.56844,,546.7,227.2,571.4,215.3,0.956772839,1.055271714,6.5,0,0,0,0,0,0,1,0,-0.06,,,
33,0,260,410,6.97,38.1,6.56844,,546.7,227.2,571.4,215.3,0.956772839,1.055271714,6.5,0.15,0,0.15,0,0,1,1,0,0.2618,0.214533333,0.174533333,0.214533333
33,0,260,410,6.97,38.1,6.56844,,546.7,227.2,571.4,215.3,0.956772839,1.055271714,6.5,0.15,0,0.15,0,0,1,1,0,0.4312,0.327466667,0.287466667,0.327466667
33,0,260,410,6.97,38.1,6.56844,,546.7,227.2,571.4,215.3,0.956772839,1.055271714,6.5,0.15,0,0.15,0,0,1,1,0,0.7084,0.512266667,0.472266667,0.512266667
35,0,230,440,6.6,17.98143852,3.1,11.6,276.5,100.1,445.5,173.8,0.620650954,0.575949367,0.3,0,0,0,0,0,0,1,1,0.3,,,
35,0,230,440,6.6,17.98143852,3.1,11.6,276.5,100.1,445.5,173.8,0.620650954,0.575949367,0.3,0,0,0,0,0,0,1,1,0.37,,,
35,0,230,440,6.6,17.98143852,3.1,11.6,276.5,100.1,445.5,173.8,0.620650954,0.575949367,0.3,0,0,0,0,0,0,1,0,0.24,,,
35,0,230,440,6.6,17.98143852,3.1,11.6,493.1,202.2,453.8,182.7,1.086602027,1.106732348,0.3,0,0,0,0,0,0,1,1,0.42,,,
35,0,230,440,6.6,17.98143852,3.1,11.6,493.1,202.2,453.8,182.7,1.086602027,1.106732348,0.3,0,0,0,0,0,0,1,1,0.44,,,
35,0,230,440,6.6,17.98143852,3.1,11.6,493.1,202.2,453.8,182.7,1.086602027,1.106732348,0.3,0,0,0,0,0,0,1,0,0.62,,,
35,0,230,440,6.6,17.98143852,3.1,11.6,386.5,136.6,509.5,206.3,0.75858685,0.662142511,0.3,0,0,0,0,0,0,1,1,0.162,,,
35,0,230,440,6.6,17.98143852,3.1,11.6,386.5,136.6,509.5,206.3,0.75858685,0.662142511,0.3,0,0,0,0,0,0,1,1,0.222,,,
35,0,230,440,6.6,17.98143852,3.1,11.6,386.5,136.6,509.5,206.3,0.75858685,0.662142511,0.3,0,0,0,0,0,0,1,0,0.249,,,
36,0,230,440,7.1,29.00232019,5,13,311,116.2,509,200.7,0.611001965,0.578973592,0.3,0,0,0,0,0,0,0,1,0.104,,,
36,0,230,440,7.1,29.00232019,5,13,311,116.2,509,200.7,0.611001965,0.578973592,0.3,0,0,0,0,0,0,0,1,0.157,,,
36,0,230,440,7.1,29.00232019,5,13,311,116.2,509,200.7,0.611001965,0.578973592,0.3,0,0,0,0,0,0,0,0,0.043,,,
36,0,230,440,7.1,29.00232019,5,13,311,116.2,509,200.7,0.611001965,0.578973592,0.3,0,0,0,0,0,0,0,0,0.095,,,
36,0,230,440,7.1,29.00232019,5,13,311,116.2,509,200.7,0.611001965,0.578973592,0.3,0.12,0,0.12,0,0,0,0,1,0.312,0.173333333,0.26,0.173333333
36,0,230,440,7.1,29.00232019,5,13,311,116.2,509,200.7,0.611001965,0.578973592,0.3,0.12,0,0.12,0,0,0,0,1,0.441,0.236666667,0.3675,0.236666667
36,0,230,440,7.1,29.00232019,5,13,311,116.2,509,200.7,0.611001965,0.578973592,0.3,0.12,0,0.12,0,0,0,0,0,0.152,0.090833333,0.126666667,0.090833333
36,0,230,440,7.1,29.00232019,5,13,311,116.2,509,200.7,0.611001965,0.578973592,0.3,0.12,0,0.12,0,0,0,0,0,0.169,0.061666667,0.140833333,0.061666667
36,0,230,440,7.1,29.00232019,5,13,113.3,32.4,613.7,236.3,0.184617891,0.137113838,0.3,0,0,0,0,0,0,0,1,0.017,,,
36,0,230,440,7.1,29.00232019,5,13,113.3,32.4,613.7,236.3,0.184617891,0.137113838,0.3,0,0,0,0,0,0,0,1,0.044,,,
36,0,230,440,7.1,29.00232019,5,13,113.3,32.4,613.7,236.3,0.184617891,0.137113838,0.3,0,0,0,0,0,0,0,0,0.056,,,
36,0,230,440,7.1,29.00232019,5,13,113.3,32.4,613.7,236.3,0.184617891,0.137113838,0.3,0,0,0,0,0,0,0,0,0.068,,,
36,0,230,440,7.1,29.00232019,5,13,113.3,32.4,613.7,236.3,0.184617891,0.137113838,0.3,0.12,0,0.12,0,0,0,0,1,0.43,0.321666667,0.358333333,0.321666667
36,0,230,440,7.1,29.00232019,5,13,113.3,32.4,613.7,236.3,0.184617891,0.137113838,0.3,0.12,0,0.12,0,0,0,0,1,0.476,0.3825,0.396666667,0.3825
36,0,230,440,7.1,29.00232019,5,13,113.3,32.4,613.7,236.3,0.184617891,0.137113838,0.3,0.12,0,0.12,0,0,0,0,0,0.11,0.035,0.091666667,0.035
36,0,230,440,7.1,29.00232019,5,13,113.3,32.4,613.7,236.3,0.184617891,0.137113838,0.3,0.12,0,0.12,0,0,0,0,0,0.249,0.160833333,0.2075,0.160833333
39,0,170,680,6.3,19,3.2756,12.66666667,659.8,221.4,612,211,1.078104575,1.0492891,4.4,0,0,0,0,0,0,0,1,0.4,,,
39,0,170,680,6.3,19,3.2756,12.66666667,659.8,221.4,612,211,1.078104575,1.0492891,4.4,0,0.09,0.09,1,0,0,0,1,0.5,0.111111111,0.555555556,0.111111111
39,0,170,680,6.3,19,3.2756,12.66666667,659.8,221.4,612,211,1.078104575,1.0492891,4.4,0.09,0,0.09,0,0,0,0,1,0.6,0.222222222,0.666666667,0.222222222
39,0,170,680,6.3,19,3.2756,12.66666667,659.8,221.4,612,211,1.078104575,1.0492891,4.4,0,0.09,0.09,1,0,0,0,1,1,0.666666667,1.111111111,0.666666667
39,1,432,163,6.6,35,6.034,12.5,659.8,221.4,612,211,1.078104575,1.0492891,4.4,0,0,0,0,0,0,0,1,3.3,,,
39,1,432,163,6.6,35,6.034,12.5,659.8,221.4,612,211,1.078104575,1.0492891,4.4,0,0.09,0.09,1,0,0,0,1,4.3,1.111111111,4.777777778,1.111111111
39,1,432,163,6.6,35,6.034,12.5,659.8,221.4,612,211,1.078104575,1.0492891,4.4,0,0.09,0.09,1,0,0,0,1,7.6,4.777777778,8.444444444,4.777777778
39,1,432,163,6.6,35,6.034,12.5,659.8,221.4,612,211,1.078104575,1.0492891,4.4,0.09,0,0.09,0,0,0,0,1,8.3,5.555555556,9.222222222,5.555555556
39,0,170,680,6.3,19,3.2756,12.66666667,550.3,144.2,612,211,0.899183007,0.683412322,4.4,0,0,0,0,0,0,0,1,0.3,,,
39,0,170,680,6.3,19,3.2756,12.66666667,550.3,144.2,612,211,0.899183007,0.683412322,4.4,0.09,0,0.09,0,0,0,0,1,0.7,0.444444444,0.777777778,0.444444444
39,0,170,680,6.3,19,3.2756,12.66666667,550.3,144.2,612,211,0.899183007,0.683412322,4.4,0,0.09,0.09,1,0,0,0,1,1.2,1,1.333333333,1
39,0,170,680,6.3,19,3.2756,12.66666667,550.3,144.2,612,211,0.899183007,0.683412322,4.4,0,0.09,0.09,1,0,0,0,1,1.3,1.111111111,1.444444444,1.111111111
39,1,432,163,6.6,35,6.034,12.5,550.3,144.2,612,211,0.899183007,0.683412322,4.4,0,0,0,0,0,0,0,1,2.2,,,
39,1,432,163,6.6,35,6.034,12.5,550.3,144.2,612,211,0.899183007,0.683412322,4.4,0,0.09,0.09,1,0,0,0,1,4.4,2.444444444,4.888888889,2.444444444
39,1,432,163,6.6,35,6.034,12.5,550.3,144.2,612,211,0.899183007,0.683412322,4.4,0.09,0,0.09,0,0,0,0,1,5.1,3.222222222,5.666666667,3.222222222
39,1,432,163,6.6,35,6.034,12.5,550.3,144.2,612,211,0.899183007,0.683412322,4.4,0,0.09,0.09,1,0,0,0,1,6.3,4.555555556,7,4.555555556
40,0,380,230,6.3,38,6.5512,,553.4,257,552.8,252,1.001085384,1.01984127,6.3,0,0,0,0,0,0,0,1,0.752015227,,,
40,0,380,230,6.3,38,6.5512,,553.4,257,552.8,252,1.001085384,1.01984127,6.3,0,0,0,0,0,0,0,0,0.573189199,,,
40,0,380,230,6.3,38,6.5512,,553.4,257,552.8,252,1.001085384,1.01984127,6.3,0.08,0,0.08,0,0,1,0,1,1.482255786,0.912819733,1.852819733,0.912819733
40,0,380,230,6.3,38,6.5512,,553.4,257,552.8,252,1.001085384,1.01984127,6.3,0.08,0,0.08,0,0,1,0,0,1.229576574,0.820470717,1.536970717,0.820470717
40,0,380,230,6.3,38,6.5512,,553.4,257,552.8,252,1.001085384,1.01984127,6.3,0.16,0,0.16,0,0,1,0,1,1.921204062,0.730752539,1.200752539,0.730752539
40,0,380,230,6.3,38,6.5512,,553.4,257,552.8,252,1.001085384,1.01984127,6.3,0.16,0,0.16,0,0,1,0,0,1.542059347,0.605537092,0.963787092,0.605537092
40,0,380,230,6.3,38,6.5512,,788.3,262.9,574.7,273.8,1.371672177,0.96018992,6.3,0,0,0,0,0,0,0,1,1.4821854,,,
40,0,380,230,6.3,38,6.5512,,788.3,262.9,574.7,273.8,1.371672177,0.96018992,6.3,0,0,0,0,0,0,0,1,1.693705645,,,
40,0,380,230,6.3,38,6.5512,,788.3,262.9,574.7,273.8,1.371672177,0.96018992,6.3,0,0,0,0,0,0,0,1,2.122113098,,,
40,0,380,230,6.3,38,6.5512,,788.3,262.9,574.7,273.8,1.371672177,0.96018992,6.3,0,0,0,0,0,0,0,0,2.482709964,,,
40,0,380,230,6.3,38,6.5512,,788.3,262.9,574.7,273.8,1.371672177,0.96018992,6.3,0,0,0,0,0,0,0,0,2.5818445,,,
40,0,380,230,6.3,38,6.5512,,788.3,262.9,574.7,273.8,1.371672177,0.96018992,6.3,0,0,0,0,0,0,0,0,2.717626367,,,
42,0,190,700,5.8,19.9,3.43076,11.05555556,643.8,211.6,612,211,1.051960784,1.002843602,4,0,0,0,0,0,0,1,0,0.38,,,
42,0,190,700,5.8,19.9,3.43076,11.05555556,643.8,211.6,612,211,1.051960784,1.002843602,4,0,0,0,0,0,0,0,0,0.46,,,
42,0,190,700,5.8,19.9,3.43076,11.05555556,643.8,211.6,612,211,1.051960784,1.002843602,4,0,0,0,0,0,0,1,0,1.45,,,
42,0,220,440,5.9,17.9,3.08596,14.91666667,643.8,211.6,612,211,1.051960784,1.002843602,4,0,0,0,0,0,0,0,0,0.66,,,
42,0,220,440,5.9,17.9,3.08596,14.91666667,643.8,211.6,612,211,1.051960784,1.002843602,4,0,0,0,0,0,0,1,0,0.67,,,
42,0,220,440,5.9,17.9,3.08596,14.91666667,643.8,211.6,612,211,1.051960784,1.002843602,4,0.03,0,0.03,0,0,0,1,0,0.8,,2.666666667,
42,1,770,70,6.2,36.1,6.22364,15.04166667,643.8,211.6,612,211,1.051960784,1.002843602,4,0,0,0,0,0,0,1,0,1.35,,,
42,1,770,70,6.2,36.1,6.22364,15.04166667,643.8,211.6,612,211,1.051960784,1.002843602,4,0,0,0,0,0,0,0,0,3.08,,,
42,1,770,70,6.2,36.1,6.22364,15.04166667,643.8,211.6,612,211,1.051960784,1.002843602,4,0.03,0,0.03,0,0,0,1,0,1.03,,3.433333333,
42,0,220,440,5.9,17.9,3.08596,14.91666667,479.4,242,612,211,0.783333333,1.146919431,4,0,0,0,0,0,0,0,0,0.71,,,
42,0,220,440,5.9,17.9,3.08596,14.91666667,479.4,242,612,211,0.783333333,1.146919431,4,0,0,0,0,0,0,1,0,1.12,,,
42,0,220,440,5.9,17.9,3.08596,14.91666667,479.4,242,612,211,0.783333333,1.146919431,4,0.03,0,0.03,0,0,0,1,0,0.28,,0.933333333,
42,1,770,70,6.2,36.1,6.22364,15.04166667,479.4,242,612,211,0.783333333,1.146919431,4,0,0,0,0,0,0,1,0,0.91,,,
42,1,770,70,6.2,36.1,6.22364,15.04166667,479.4,242,612,211,0.783333333,1.146919431,4,0,0,0,0,0,0,0,0,1.62,,,
42,1,770,70,6.2,36.1,6.22364,15.04166667,479.4,242,612,211,0.783333333,1.146919431,4,0.03,0,0.03,0,0,0,1,0,0.36,,1.2,
43,0,220,440,5.9,28.4,4.89616,13.52380952,505.9,177.1,612,211,0.826633987,0.839336493,4,0.07,0,0.07,0,0,0,0,1,1.2,,1.714285714,
43,0,220,440,5.9,28.4,4.89616,13.52380952,505.9,177.1,612,211,0.826633987,0.839336493,4,0.07,0,0.07,0,0,1,0,0,1.2,,1.714285714,
43,1,770,70,6.2,31.7,5.46508,14.40909091,505.9,177.1,612,211,0.826633987,0.839336493,4,0.07,0,0.07,0,0,0,0,1,20.9,,29.85714286,
43,1,770,70,6.2,31.7,5.46508,14.40909091,505.9,177.1,612,211,0.826633987,0.839336493,4,0.07,0,0.07,0,0,1,0,0,45.1,,64.42857143,
43,0,220,440,5.9,28.4,4.89616,13.52380952,434.9,172.1,612,211,0.710620915,0.81563981,4,0.0325,0,0.0325,0,0,0,0,1,0.9,,2.769230769,
43,0,220,440,5.9,28.4,4.89616,13.52380952,434.9,172.1,612,211,0.710620915,0.81563981,4,0.0325,0,0.0325,0,0,0,0,0,1.5,,4.615384615,
43,1,770,70,6.2,31.7,5.46508,14.40909091,434.9,172.1,612,211,0.710620915,0.81563981,4,0.0325,0,0.0325,0,0,0,0,1,6.7,,20.61538462,
43,1,770,70,6.2,31.7,5.46508,14.40909091,434.9,172.1,612,211,0.710620915,0.81563981,4,0.0325,0,0.0325,0,0,0,0,0,12.4,,38.15384615,
43,0,220,440,5.9,28.4,4.89616,13.52380952,653.3,168.3,612,211,1.06748366,0.797630332,4,0.0325,0,0.0325,0,0,0,0,1,0.9,,2.769230769,
43,0,220,440,5.9,28.4,4.89616,13.52380952,653.3,168.3,612,211,1.06748366,0.797630332,4,0.0325,0,0.0325,0,0,0,0,0,0.6,,1.846153846,
43,1,770,70,6.2,31.7,5.46508,14.40909091,653.3,168.3,612,211,1.06748366,0.797630332,4,0.0325,0,0.0325,0,0,0,0,1,12.4,,38.15384615,
43,1,770,70,6.2,31.7,5.46508,14.40909091,653.3,168.3,612,211,1.06748366,0.797630332,4,0.0325,0,0.0325,0,0,0,0,0,40.5,,124.6153846,
44,0,240,280,5.9,21.4,3.68936,15.07042254,635.2,176.7,612,211,1.037908497,0.837440758,4,0.15,0,0.15,0,0,0,0,1,1.74,,1.16,
44,0,240,280,5.9,21.4,3.68936,15.07042254,635.2,176.7,612,211,1.037908497,0.837440758,4,0,0.186,0.186,1,0,0,0,1,3.23,,1.73655914,
44,0,240,280,5.9,21.4,3.68936,15.07042254,635.2,176.7,612,211,1.037908497,0.837440758,4,0,0.219,0.219,1,0,0,0,1,5.99,,2.735159817,
45,0,186,500,6,22,3.7928,16.92307692,434.9,133.9,612,211,0.710620915,0.634597156,4,0,0.15,0.15,1,0,0,0,1,2.12,,1.413333333,
45,0,186,500,6,22,3.7928,16.92307692,434.9,133.9,612,211,0.710620915,0.634597156,4,0.15,0,0.15,0,0,0,0,1,2.12,,1.413333333,
45,1,483,116,6.9,34,5.8616,14.7826087,434.9,133.9,612,211,0.710620915,0.634597156,4,0,0.15,0.15,1,0,0,0,1,1.25,,0.833333333,
45,1,483,116,6.9,34,5.8616,14.7826087,434.9,133.9,612,211,0.710620915,0.634597156,4,0.15,0,0.15,0,0,0,0,1,1.38,,0.92,
45,0,186,500,6,22,3.7928,16.92307692,653.3,205,612,211,1.06748366,0.971563981,4,0.15,0,0.15,0,0,0,0,0,0.76,,0.506666667,
45,0,186,500,6,22,3.7928,16.92307692,653.3,205,612,211,1.06748366,0.971563981,4,0,0.15,0.15,1,0,0,0,0,1.09,,0.726666667,
45,1,483,116,6.9,34,5.8616,14.7826087,653.3,205,612,211,1.06748366,0.971563981,4,0.15,0,0.15,0,0,0,0,0,4.56,,3.04,
45,1,483,116,6.9,34,5.8616,14.7826087,653.3,205,612,211,1.06748366,0.971563981,4,0,0.15,0.15,1,0,0,0,0,6.06,,4.04,
46,0,240,280,5.9,21.4,3.68936,15.07042254,649.9,194.5,612,211,1.061928105,0.921800948,4,0,0.126,0.126,1,0,0,0,1,2.516316271,,1.997076405,
46,0,240,280,5.9,21.4,3.68936,15.07042254,649.9,194.5,612,211,1.061928105,0.921800948,4,0.15,0,0.15,0,0,0,0,1,0.483263905,,,
46,0,240,280,5.9,21.4,3.68936,15.07042254,649.9,194.5,612,211,1.061928105,0.921800948,4,0,0.252,0.252,1,0,0,0,1,6.086035792,,2.415093568,
50,1,190,290,7.6,27,4.6548,13.5,563.8,297.8,564.2,224.7,0.999291032,1.325322652,6.5,0.05,0,0.05,0,0,1,0,0,0.999,,1.998,
50,1,190,290,7.6,27,4.6548,13.5,563.8,297.8,564.2,224.7,0.999291032,1.325322652,6.5,0.15,0,0.15,0,0,1,0,1,1.216,,0.810666667,
50,1,190,290,7.6,27,4.6548,13.5,495.6,169.2,610.2,229.7,0.812192724,0.736612973,6.5,0,0,0,0,0,0,0,1,0.681,,,
50,1,190,290,7.6,27,4.6548,13.5,495.6,169.2,610.2,229.7,0.812192724,0.736612973,6.5,0,0,0,0,0,0,0,0,0.473,,,
50,1,190,290,7.6,27,4.6548,13.5,320.8,171.6,626.8,218.7,0.511805999,0.784636488,6.5,0.06,0,0.06,0,0,1,0,0,0.188,,0.313333333,
50,1,190,290,7.6,27,4.6548,13.5,320.8,171.6,626.8,218.7,0.511805999,0.784636488,6.5,0.09,0,0.09,0,0,1,0,1,0.408,,0.453333333,
50,1,190,290,7.6,27,4.6548,13.5,488.2,167.4,568.5,206.2,0.858751099,0.811833172,6.5,0.06,0,0.06,0,0,1,0,0,1.646,,2.743333333,
50,1,190,290,7.6,27,4.6548,13.5,488.2,167.4,568.5,206.2,0.858751099,0.811833172,6.5,0.15,0,0.15,0,0,1,0,1,1.761,,1.174,
50,1,190,290,7.6,27,4.6548,13.5,441.4,193.4,571,219.5,0.773029772,0.881093394,6.5,0,0,0,0,0,0,0,1,0.31,,,
50,1,190,290,7.6,27,4.6548,13.5,441.4,193.4,571,219.5,0.773029772,0.881093394,6.5,0,0,0,0,0,0,0,0,0.282,,,
52,0,160,320,7,37,6.3788,12.33333333,692.2,155.1,575.6,224.9,1.20257123,0.68963984,6.5,0,0,0,0,0,0,0,1,1.59,,,
52,0,160,320,7,37,6.3788,12.33333333,489,181.2,586.3,224.7,0.834044005,0.806408545,6.5,0,0,0,0,0,0,0,1,0.88,,,
52,0,160,320,7,37,6.3788,12.33333333,489,181.2,586.3,224.7,0.834044005,0.806408545,6.5,0,0,0,0,0,0,1,0,-0.18,,,
52,0,160,320,7,37,6.3788,12.33333333,489,181.2,586.3,224.7,0.834044005,0.806408545,6.5,0,0,0,0,0,0,1,0,0.73,,,
52,0,160,320,7,37,6.3788,12.33333333,489,181.2,586.3,224.7,0.834044005,0.806408545,6.5,0,0.12,0.12,1,0,1,0,0,2.58,,,
52,0,160,320,7,37,6.3788,12.33333333,402.7,154,591.7,229.8,0.680581376,0.670147955,6.5,0,0,0,0,0,0,0,0,1.41,,,
52,0,160,320,7,37,6.3788,12.33333333,402.7,154,591.7,229.8,0.680581376,0.670147955,6.5,0.075,0,0.075,0,0,0,0,0,0.71,,,
52,0,160,320,7,37,6.3788,12.33333333,402.7,154,591.7,229.8,0.680581376,0.670147955,6.5,0.1,0,0.1,0,0,0,0,1,0.98,,,
52,0,160,320,7,37,6.3788,12.33333333,402.7,154,591.7,229.8,0.680581376,0.670147955,6.5,0.1,0,0.1,0,0,0,1,0,0.08,,,
53,0,106,592,6.6,15.4,2.65496,15.4,589,154,600,232.5,0.981666667,0.662365591,5.3,0,0,0,0,0,0,0,0,1.4,,,
53,0,106,592,6.6,15.4,2.65496,15.4,589,154,600,232.5,0.981666667,0.662365591,5.3,0.075,0,0.075,0,0,0,0,0,1.7,0.4,2.266666667,0.4
53,0,106,592,6.6,15.4,2.65496,15.4,589,154,600,232.5,0.981666667,0.662365591,5.3,0.15,0,0.15,0,0,0,0,0,3.6,1.466666667,2.4,1.466666667
53,0,134,367,6.6,20.7,3.56868,24.06976744,437,97,569.4,221.6,0.767474535,0.437725632,5.3,0,0,0,0,0,0,0,0,1.8,,,
53,0,134,367,6.6,20.7,3.56868,24.06976744,437,97,569.4,221.6,0.767474535,0.437725632,5.3,0.075,0,0.075,0,0,0,0,0,2.4,0.8,3.2,0.8
53,0,134,367,6.6,20.7,3.56868,24.06976744,437,97,569.4,221.6,0.767474535,0.437725632,5.3,0.15,0,0.15,0,0,0,0,0,4.3,1.666666667,2.866666667,1.666666667
53,0,138,382,6,15,2.586,15.625,690,211,571.8,204.4,1.206715635,1.032289628,5.3,0,0,0,0,0,0,0,0,6.5,,,
53,0,138,382,6,15,2.586,15.625,690,211,571.8,204.4,1.206715635,1.032289628,5.3,0.075,0,0.075,0,0,0,0,0,8.1,2.133333333,10.8,2.133333333
53,0,138,382,6,15,2.586,15.625,690,211,571.8,204.4,1.206715635,1.032289628,5.3,0.15,0,0.15,0,0,0,0,0,11.4,3.266666667,7.6,3.266666667
54,0,137,307,6.3,14.8,2.55152,11.38,438.9,219.2,569.4,221.6,0.77081138,0.989169675,5.3,0.045,0,0.045,0,0,0,0,1,2.6,,5.777777778,
54,0,137,307,6.3,14.8,2.55152,11.38,438.9,219.2,569.4,221.6,0.77081138,0.989169675,5.3,0.12,0,0.12,0,0,0,0,1,3.3,,2.75,
54,0,137,307,6.3,14.8,2.55152,11.38,438.9,219.2,569.4,221.6,0.77081138,0.989169675,5.3,0.195,0,0.195,0,0,0,0,1,2.6,,1.333333333,
54,0,137,307,6.3,14.8,2.55152,11.38,438.9,219.2,569.4,221.6,0.77081138,0.989169675,5.3,0.195,0,0.195,0,0,0,0,1,3.1,,1.58974359,
54,0,156,446,5.8,17.4,2.99976,14.26,729.6,227.3,571.8,204.4,1.275970619,1.112035225,5.3,0.059,0,0.059,0,0,0,0,1,1.3,,2.203389831,
54,0,156,446,5.8,17.4,2.99976,14.26,729.6,227.3,571.8,204.4,1.275970619,1.112035225,5.3,0.134,0,0.134,0,0,0,0,1,1.9,,1.417910448,
54,0,156,446,5.8,17.4,2.99976,14.26,729.6,227.3,571.8,204.4,1.275970619,1.112035225,5.3,0.209,0,0.209,0,0,0,0,1,1,,0.4784689,
54,0,156,446,5.8,17.4,2.99976,14.26,729.6,227.3,571.8,204.4,1.275970619,1.112035225,5.3,0.209,0,0.209,0,0,0,0,1,2.1,,1.004784689,
55,1,324,371,6.4,19.06,3.285944,12.5,535,245.4,571,219.5,0.936952715,1.117995444,8.7,0.152,0,0.152,0,0,1,0,1,5.81,,3.822368421,
55,1,324,371,6.4,19.06,3.285944,12.5,535,245.4,571,219.5,0.936952715,1.117995444,8.7,0.152,0,0.152,0,0,1,0,1,7.16,,4.710526316,
55,1,324,371,6.4,19.06,3.285944,12.5,535,245.4,571,219.5,0.936952715,1.117995444,8.7,0.152,0,0.152,0,0,1,0,0,2.09,,1.375,
55,1,324,371,6.4,19.06,3.285944,12.5,535,245.4,571,219.5,0.936952715,1.117995444,8.7,0.152,0,0.152,0,0,1,0,0,3.82,,2.513157895,
55,1,324,371,6.4,19.06,3.285944,12.5,535,245.4,571,219.5,0.936952715,1.117995444,8.7,0.152,0,0.152,0,0,1,0,0,1.38,,0.907894737,
55,1,324,371,6.4,19.06,3.285944,12.5,535,245.4,571,219.5,0.936952715,1.117995444,8.7,0.152,0,0.152,0,0,1,0,0,2.52,,1.657894737,
55,1,324,371,6.4,19.06,3.285944,12.5,535,169.2,571,244.6,0.936952715,0.691741619,8.7,0.152,0,0.152,0,0,1,0,1,1.63,,1.072368421,
55,1,324,371,6.4,19.06,3.285944,12.5,535,169.2,571,244.6,0.936952715,0.691741619,8.7,0.152,0,0.152,0,0,1,0,1,3.17,,2.085526316,
55,1,324,371,6.4,19.06,3.285944,12.5,535,169.2,571,244.6,0.936952715,0.691741619,8.7,0.152,0,0.152,0,0,1,0,0,2.57,,1.690789474,
55,1,324,371,6.4,19.06,3.285944,12.5,535,169.2,571,244.6,0.936952715,0.691741619,8.7,0.152,0,0.152,0,0,1,0,0,5.11,,3.361842105,
55,1,324,371,6.4,19.06,3.285944,12.5,535,169.2,571,244.6,0.936952715,0.691741619,8.7,0.152,0,0.152,0,0,1,0,0,1.19,,0.782894737,
55,1,324,371,6.4,19.06,3.285944,12.5,535,169.2,571,244.6,0.936952715,0.691741619,8.7,0.152,0,0.152,0,0,1,0,0,3.13,,2.059210526,
55,1,324,371,6.4,19.06,3.285944,12.5,233,84.4,643.8,301.6,0.361913638,0.279840849,8.7,0.152,0,0.152,0,0,1,0,1,2.61,,1.717105263,
55,1,324,371,6.4,19.06,3.285944,12.5,233,84.4,643.8,301.6,0.361913638,0.279840849,8.7,0.152,0,0.152,0,0,1,0,1,2.94,,1.934210526,
55,1,324,371,6.4,19.06,3.285944,12.5,233,84.4,643.8,301.6,0.361913638,0.279840849,8.7,0.152,0,0.152,0,0,1,0,0,1.64,,1.078947368,
55,1,324,371,6.4,19.06,3.285944,12.5,233,84.4,643.8,301.6,0.361913638,0.279840849,8.7,0.152,0,0.152,0,0,1,0,0,2.7,,1.776315789,
55,1,324,371,6.4,19.06,3.285944,12.5,233,84.4,643.8,301.6,0.361913638,0.279840849,8.7,0.152,0,0.152,0,0,1,0,0,1.45,,0.953947368,
55,1,324,371,6.4,19.06,3.285944,12.5,233,84.4,643.8,301.6,0.361913638,0.279840849,8.7,0.152,0,0.152,0,0,1,0,0,2.6,,1.710526316,
55,1,324,371,6.4,19.06,3.285944,12.5,233,45.2,643.8,238.2,0.361913638,0.189756507,8.7,0.152,0,0.152,0,0,1,0,1,2.68,,1.763157895,
55,1,324,371,6.4,19.06,3.285944,12.5,233,45.2,643.8,238.2,0.361913638,0.189756507,8.7,0.152,0,0.152,0,0,1,0,1,4.47,,2.940789474,
55,1,324,371,6.4,19.06,3.285944,12.5,233,45.2,643.8,238.2,0.361913638,0.189756507,8.7,0.152,0,0.152,0,0,1,0,0,1.34,,0.881578947,
55,1,324,371,6.4,19.06,3.285944,12.5,233,45.2,643.8,238.2,0.361913638,0.189756507,8.7,0.152,0,0.152,0,0,1,0,0,1.82,,1.197368421,
55,1,324,371,6.4,19.06,3.285944,12.5,233,45.2,643.8,238.2,0.361913638,0.189756507,8.7,0.152,0,0.152,0,0,1,0,0,1.2,,0.789473684,
55,1,324,371,6.4,19.06,3.285944,12.5,233,45.2,643.8,238.2,0.361913638,0.189756507,8.7,0.152,0,0.152,0,0,1,0,0,2.07,,1.361842105,
55,1,324,371,6.4,19.06,3.285944,12.5,523,171.2,581.8,235.6,0.898934342,0.726655348,8.7,0.152,0,0.152,0,0,1,0,1,3.25,,2.138157895,
55,1,324,371,6.4,19.06,3.285944,12.5,523,171.2,581.8,235.6,0.898934342,0.726655348,8.7,0.152,0,0.152,0,0,1,0,1,5.16,,3.394736842,
55,1,324,371,6.4,19.06,3.285944,12.5,523,171.2,581.8,235.6,0.898934342,0.726655348,8.7,0.152,0,0.152,0,0,1,0,0,3.34,,2.197368421,
55,1,324,371,6.4,19.06,3.285944,12.5,523,171.2,581.8,235.6,0.898934342,0.726655348,8.7,0.152,0,0.152,0,0,1,0,0,5.1,,3.355263158,
55,1,324,371,6.4,19.06,3.285944,12.5,523,171.2,581.8,235.6,0.898934342,0.726655348,8.7,0.152,0,0.152,0,0,1,0,0,2.94,,1.934210526,
55,1,324,371,6.4,19.06,3.285944,12.5,523,171.2,581.8,235.6,0.898934342,0.726655348,8.7,0.152,0,0.152,0,0,1,0,0,4.22,,2.776315789,
55,1,324,371,6.4,19.06,3.285944,12.5,523,175,581.8,276.5,0.898934342,0.632911392,8.7,0.152,0,0.152,0,0,1,0,1,2.69,,1.769736842,
55,1,324,371,6.4,19.06,3.285944,12.5,523,175,581.8,276.5,0.898934342,0.632911392,8.7,0.152,0,0.152,0,0,1,0,1,8.76,,5.763157895,
55,1,324,371,6.4,19.06,3.285944,12.5,523,175,581.8,276.5,0.898934342,0.632911392,8.7,0.152,0,0.152,0,0,1,0,0,3.26,,2.144736842,
55,1,324,371,6.4,19.06,3.285944,12.5,523,175,581.8,276.5,0.898934342,0.632911392,8.7,0.152,0,0.152,0,0,1,0,0,9.19,,6.046052632,
55,1,324,371,6.4,19.06,3.285944,12.5,523,175,581.8,276.5,0.898934342,0.632911392,8.7,0.152,0,0.152,0,0,1,0,0,2.72,,1.789473684,
55,1,324,371,6.4,19.06,3.285944,12.5,523,175,581.8,276.5,0.898934342,0.632911392,8.7,0.152,0,0.152,0,0,1,0,0,2.85,,1.875,
